Trade_id,Trade Date,Trade Time,Book,Instrument,Buyer,Seller,Amount (MM),Bond Price,Settlement Date,Settlement Amount,Settlement Currency,Date Edit,Business Day of Edit,Account Edited,Edit Reason,Version Number,Block offset
trade_1,29/09/2016,10:45,ABC1,GB00B1VWPC84,DB,CS,1,107.04,03/10/2016,1070.4,GBP,,,,,,0
trade_2,29/09/2016,11:03,ABC1,DE0001141745,CITI,CS,2,102.5,03/10/2016,512.5,EUR,,,,,,0
trade_3,26/09/2016,15:02,ABC1,IT0005188120,DB,CITI,3,101.59,28/09/2016,1219.08,EUR,,,,,,0
trade_4,26/09/2016,10:45,ABC1,GB00B1VWPC84,CS,DB,4,107.24,28/09/2016,857.92,GBP,,,,,,0
trade_5,26/09/2016,11:03,ABC1,DE0001141745,CITI,CS,5,102.55,28/09/2016,205.1,EUR,,,,,,0
trade_6,26/09/2016,15:02,EFG3,IT0005188120,DB,CITI,6,101.69,28/09/2016,1525.35,EUR,,,,,,0
trade_7,29/09/2016,10:45,EFG3,GB00B1VWPC84,DB,CS,7,107.14,28/09/2016,964.26,GBP,,,,,,0
trade_8,29/09/2016,11:03,EFG3,DE0001141745,BAML,CITI,8,102.85,28/09/2016,308.55,EUR,,,,,,0
trade_9,26/09/2016,15:02,XYZ2,IT0005188120,CS,DB,9,101.159,28/09/2016,202.318,EUR,,,,,,0
trade_10,26/09/2016,10:45,HIJ4,IT0005188120,DB,DB,10,102.5912,27/09/2016,820.7296,GBP,,,,,,0
trade_11,29/09/2016,11:03,EFG3,GB00B1VWPC84,CITI,CS,11,102.429,30/09/2016,204.858,GBP,,,,,,0
trade_12,29/09/2016,15:02,ABC1,DE0001141745,DB,CITI,12,102.2668,30/09/2016,1534.002,EUR,,,,,,0
trade_13,26/09/2016,10:45,ABC1,IT0005188120,DB,DB,13,102.1046,27/09/2016,918.9414,EUR,,,,,,0
trade_14,26/09/2016,11:03,EFG3,IT0005188120,BAML,CS,14,101.9424,27/09/2016,305.8272,GBP,,,,,,0
trade_15,29/09/2016,15:02,ABC1,GB00B1VWPC84,BAML,CITI,15,101.7802,30/09/2016,661.5713,EUR,,,,,,0
trade_16,29/09/2016,10:45,EFG3,DE0001141745,DB,BAML,16,101.618,30/09/2016,630.0316,EUR,,,,,,0
trade_17,26/09/2016,11:03,ABC1,IT0005188120,CITI,DB,17,101.4558,27/09/2016,598.58922,EUR,,,,,,0
trade_18,26/09/2016,15:02,EFG3,IT0005188120,CITI,BAML,18,101.2936,27/09/2016,567.24416,EUR,,,,,,0
trade_19,29/09/2016,10:45,ABC1,GB00B1VWPC84,DB,CS,19,101.1314,30/09/2016,535.99642,EUR,,,,,,0
trade_20,29/09/2016,11:03,ABC1,DE0001141745,DB,BAML,20,100.9692,30/09/2016,504.846,EUR,,,,,,0
trade_21,29/09/2016,10:45,ABC1,GB00B1VWPC84,DB,CS,21,107.04,03/10/2016,1070.4,GBP,,,,,,0
trade_22,29/09/2016,11:03,ABC1,DE0001141745,CITI,CS,22,102.5,03/10/2016,512.5,EUR,,,,,,0
trade_23,26/09/2016,15:02,ABC1,IT0005188120,DB,CITI,23,101.59,28/09/2016,1219.08,EUR,,,,,,0
trade_24,26/09/2016,10:45,ABC1,GB00B1VWPC84,CS,DB,24,107.24,28/09/2016,857.92,GBP,,,,,,0
trade_25,26/09/2016,11:03,ABC1,DE0001141745,CITI,CS,25,102.55,28/09/2016,205.1,EUR,,,,,,0
trade_26,26/09/2016,15:02,EFG3,IT0005188120,DB,CITI,26,101.69,28/09/2016,1525.35,EUR,,,,,,0
trade_27,29/09/2016,10:45,EFG3,GB00B1VWPC84,DB,CS,27,107.14,28/09/2016,964.26,GBP,,,,,,0
trade_28,29/09/2016,11:03,EFG3,DE0001141745,BAML,CITI,28,102.85,28/09/2016,308.55,EUR,,,,,,0
trade_29,26/09/2016,15:02,XYZ2,IT0005188120,CS,DB,29,101.159,28/09/2016,202.318,EUR,,,,,,0
trade_30,26/09/2016,10:45,HIJ4,IT0005188120,DB,DB,30,102.5912,27/09/2016,820.7296,GBP,,,,,,0
trade_31,29/09/2016,11:03,EFG3,GB00B1VWPC84,CITI,CS,31,102.429,30/09/2016,204.858,GBP,,,,,,0
trade_32,29/09/2016,15:02,ABC1,DE0001141745,DB,CITI,32,102.2668,30/09/2016,1534.002,EUR,,,,,,0
trade_33,26/09/2016,10:45,ABC1,IT0005188120,DB,DB,33,102.1046,27/09/2016,918.9414,EUR,,,,,,0
trade_34,26/09/2016,11:03,EFG3,IT0005188120,BAML,CS,34,101.9424,27/09/2016,305.8272,GBP,,,,,,0
trade_35,29/09/2016,15:02,ABC1,GB00B1VWPC84,BAML,CITI,35,101.7802,30/09/2016,661.5713,EUR,,,,,,0
trade_36,29/09/2016,10:45,EFG3,DE0001141745,DB,BAML,36,101.618,30/09/2016,630.0316,EUR,,,,,,0
trade_37,26/09/2016,11:03,ABC1,IT0005188120,CITI,DB,37,101.4558,27/09/2016,598.58922,EUR,,,,,,0
trade_38,26/09/2016,15:02,EFG3,IT0005188120,CITI,BAML,38,101.2936,27/09/2016,567.24416,EUR,,,,,,0
trade_39,29/09/2016,10:45,ABC1,GB00B1VWPC84,DB,CS,39,101.1314,30/09/2016,535.99642,EUR,,,,,,0
trade_40,29/09/2016,11:03,ABC1,DE0001141745,DB,BAML,40,100.9692,30/09/2016,504.846,EUR,,,,,,0
trade_41,29/09/2016,10:45,ABC1,GB00B1VWPC84,DB,CS,41,107.04,03/10/2016,1070.4,GBP,,,,,,0
trade_42,29/09/2016,11:03,ABC1,DE0001141745,CITI,CS,42,102.5,03/10/2016,512.5,EUR,,,,,,0
trade_43,26/09/2016,15:02,ABC1,IT0005188120,DB,CITI,43,101.59,28/09/2016,1219.08,EUR,,,,,,0
trade_44,26/09/2016,10:45,ABC1,GB00B1VWPC84,CS,DB,44,107.24,28/09/2016,857.92,GBP,,,,,,0
trade_45,26/09/2016,11:03,ABC1,DE0001141745,CITI,CS,45,102.55,28/09/2016,205.1,EUR,,,,,,0
trade_46,26/09/2016,15:02,EFG3,IT0005188120,DB,CITI,46,101.69,28/09/2016,1525.35,EUR,,,,,,0
trade_47,29/09/2016,10:45,EFG3,GB00B1VWPC84,DB,CS,47,107.14,28/09/2016,964.26,GBP,,,,,,0
trade_48,29/09/2016,11:03,EFG3,DE0001141745,BAML,CITI,48,102.85,28/09/2016,308.55,EUR,,,,,,0
trade_49,26/09/2016,15:02,XYZ2,IT0005188120,CS,DB,49,101.159,28/09/2016,202.318,EUR,,,,,,0
trade_50,26/09/2016,10:45,HIJ4,IT0005188120,DB,DB,50,102.5912,27/09/2016,820.7296,GBP,,,,,,0
trade_51,29/09/2016,11:03,EFG3,GB00B1VWPC84,CITI,CS,51,102.429,30/09/2016,204.858,GBP,,,,,,0
trade_52,29/09/2016,15:02,ABC1,DE0001141745,DB,CITI,52,102.2668,30/09/2016,1534.002,EUR,,,,,,0
trade_53,26/09/2016,10:45,ABC1,IT0005188120,DB,DB,53,102.1046,27/09/2016,918.9414,EUR,,,,,,0
trade_54,26/09/2016,11:03,EFG3,IT0005188120,BAML,CS,54,101.9424,27/09/2016,305.8272,GBP,,,,,,0
trade_55,29/09/2016,15:02,ABC1,GB00B1VWPC84,BAML,CITI,55,101.7802,30/09/2016,661.5713,EUR,,,,,,0
trade_56,29/09/2016,10:45,EFG3,DE0001141745,DB,BAML,56,101.618,30/09/2016,630.0316,EUR,,,,,,0
trade_57,26/09/2016,11:03,ABC1,IT0005188120,CITI,DB,57,101.4558,27/09/2016,598.58922,EUR,,,,,,0
trade_58,26/09/2016,15:02,EFG3,IT0005188120,CITI,BAML,58,101.2936,27/09/2016,567.24416,EUR,,,,,,0
trade_59,29/09/2016,10:45,ABC1,GB00B1VWPC84,DB,CS,59,101.1314,30/09/2016,535.99642,EUR,,,,,,0
trade_60,29/09/2016,11:03,ABC1,DE0001141745,DB,BAML,60,100.9692,30/09/2016,504.846,EUR,,,,,,0
trade_61,29/09/2016,10:45,ABC1,GB00B1VWPC84,DB,CS,61,107.04,03/10/2016,1070.4,GBP,,,,,,0
trade_62,29/09/2016,11:03,ABC1,DE0001141745,CITI,CS,62,102.5,03/10/2016,512.5,EUR,,,,,,0
trade_63,26/09/2016,15:02,ABC1,IT0005188120,DB,CITI,63,101.59,28/09/2016,1219.08,EUR,,,,,,0
trade_64,26/09/2016,10:45,ABC1,GB00B1VWPC84,CS,DB,64,107.24,28/09/2016,857.92,GBP,,,,,,0
trade_65,26/09/2016,11:03,ABC1,DE0001141745,CITI,CS,65,102.55,28/09/2016,205.1,EUR,,,,,,0
trade_66,26/09/2016,15:02,EFG3,IT0005188120,DB,CITI,66,101.69,28/09/2016,1525.35,EUR,,,,,,0
trade_67,29/09/2016,10:45,EFG3,GB00B1VWPC84,DB,CS,67,107.14,28/09/2016,964.26,GBP,,,,,,0
trade_68,29/09/2016,11:03,EFG3,DE0001141745,BAML,CITI,68,102.85,28/09/2016,308.55,EUR,,,,,,0
trade_69,26/09/2016,15:02,XYZ2,IT0005188120,CS,DB,69,101.159,28/09/2016,202.318,EUR,,,,,,0
trade_70,26/09/2016,10:45,HIJ4,IT0005188120,DB,DB,70,102.5912,27/09/2016,820.7296,GBP,,,,,,0
trade_71,29/09/2016,11:03,EFG3,GB00B1VWPC84,CITI,CS,71,102.429,30/09/2016,204.858,GBP,,,,,,0
trade_72,29/09/2016,15:02,ABC1,DE0001141745,DB,CITI,72,102.2668,30/09/2016,1534.002,EUR,,,,,,0
trade_73,26/09/2016,10:45,ABC1,IT0005188120,DB,DB,73,102.1046,27/09/2016,918.9414,EUR,,,,,,0
trade_74,26/09/2016,11:03,EFG3,IT0005188120,BAML,CS,74,101.9424,27/09/2016,305.8272,GBP,,,,,,0
trade_75,29/09/2016,15:02,ABC1,GB00B1VWPC84,BAML,CITI,75,101.7802,30/09/2016,661.5713,EUR,,,,,,0
trade_76,29/09/2016,10:45,EFG3,DE0001141745,DB,BAML,76,101.618,30/09/2016,630.0316,EUR,,,,,,0
trade_77,26/09/2016,11:03,ABC1,IT0005188120,CITI,DB,77,101.4558,27/09/2016,598.58922,EUR,,,,,,0
trade_78,26/09/2016,15:02,EFG3,IT0005188120,CITI,BAML,78,101.2936,27/09/2016,567.24416,EUR,,,,,,0
trade_79,29/09/2016,10:45,ABC1,GB00B1VWPC84,DB,CS,79,101.1314,30/09/2016,535.99642,EUR,,,,,,0
trade_80,29/09/2016,11:03,ABC1,DE0001141745,DB,BAML,80,100.9692,30/09/2016,504.846,EUR,,,,,,0
trade_81,29/09/2016,10:45,ABC1,GB00B1VWPC84,DB,CS,81,107.04,03/10/2016,1070.4,GBP,,,,,,0
trade_82,29/09/2016,11:03,ABC1,DE0001141745,CITI,CS,82,102.5,03/10/2016,512.5,EUR,,,,,,0
trade_83,26/09/2016,15:02,ABC1,IT0005188120,DB,CITI,83,101.59,28/09/2016,1219.08,EUR,,,,,,0
trade_84,26/09/2016,10:45,ABC1,GB00B1VWPC84,CS,DB,84,107.24,28/09/2016,857.92,GBP,,,,,,0
trade_85,26/09/2016,11:03,ABC1,DE0001141745,CITI,CS,85,102.55,28/09/2016,205.1,EUR,,,,,,0
trade_86,26/09/2016,15:02,EFG3,IT0005188120,DB,CITI,86,101.69,28/09/2016,1525.35,EUR,,,,,,0
trade_87,29/09/2016,10:45,EFG3,GB00B1VWPC84,DB,CS,87,107.14,28/09/2016,964.26,GBP,,,,,,0
trade_88,29/09/2016,11:03,EFG3,DE0001141745,BAML,CITI,88,102.85,28/09/2016,308.55,EUR,,,,,,0
trade_89,26/09/2016,15:02,XYZ2,IT0005188120,CS,DB,89,101.159,28/09/2016,202.318,EUR,,,,,,0
trade_90,26/09/2016,10:45,HIJ4,IT0005188120,DB,CS,90,102.5912,27/09/2016,820.7296,GBP,,,,,,0
trade_91,29/09/2016,11:03,EFG3,GB00B1VWPC84,CITI,CS,91,102.429,30/09/2016,204.858,GBP,,,,,,0
trade_92,29/09/2016,15:02,ABC1,DE0001141745,DB,CITI,92,102.2668,30/09/2016,1534.002,EUR,,,,,,0
trade_93,26/09/2016,10:45,ABC1,IT0005188120,DB,CS,93,102.1046,27/09/2016,918.9414,EUR,,,,,,0
trade_94,26/09/2016,11:03,EFG3,IT0005188120,BAML,CS,94,101.9424,27/09/2016,305.8272,GBP,,,,,,0
trade_95,29/09/2016,15:02,ABC1,GB00B1VWPC84,BAML,CITI,95,101.7802,30/09/2016,661.5713,EUR,,,,,,0
trade_96,29/09/2016,10:45,EFG3,DE0001141745,DB,BAML,96,101.618,30/09/2016,630.0316,EUR,,,,,,0
trade_97,26/09/2016,11:03,ABC1,IT0005188120,CITI,DB,97,101.4558,27/09/2016,598.58922,EUR,,,,,,0
trade_98,26/09/2016,15:02,EFG3,IT0005188120,CITI,BAML,98,101.2936,27/09/2016,567.24416,EUR,,,,,,0
trade_99,29/09/2016,10:45,ABC1,GB00B1VWPC84,DB,CS,99,101.1314,30/09/2016,535.99642,EUR,,,,,,0
trade_100,29/09/2016,11:03,ABC1,DE0001141745,DB,BAML,100,100.9692,30/09/2016,504.846,EUR,,,,,,10
trade_101,29/09/2016,10:45,ABC1,GB00B1VWPC84,DB,CS,101,107.04,03/10/2016,1070.4,GBP,,,,,,10
trade_102,29/09/2016,11:03,ABC1,DE0001141745,CITI,CS,102,102.5,03/10/2016,512.5,EUR,,,,,,10
trade_103,26/09/2016,15:02,ABC1,IT0005188120,DB,CITI,103,101.59,28/09/2016,1219.08,EUR,,,,,,10
trade_104,26/09/2016,10:45,ABC1,GB00B1VWPC84,CS,DB,104,107.24,28/09/2016,857.92,GBP,,,,,,10
trade_105,26/09/2016,11:03,ABC1,DE0001141745,CITI,CS,105,102.55,28/09/2016,205.1,EUR,,,,,,10
trade_106,26/09/2016,15:02,EFG3,IT0005188120,DB,CITI,106,101.69,28/09/2016,1525.35,EUR,,,,,,10
trade_107,29/09/2016,10:45,EFG3,GB00B1VWPC84,DB,CS,107,107.14,28/09/2016,964.26,GBP,,,,,,10
trade_108,29/09/2016,11:03,EFG3,DE0001141745,BAML,CITI,108,102.85,28/09/2016,308.55,EUR,,,,,,10
trade_109,26/09/2016,15:02,XYZ2,IT0005188120,CS,DB,109,101.159,28/09/2016,202.318,EUR,,,,,,10
trade_110,26/09/2016,10:45,HIJ4,IT0005188120,DB,DB,110,102.5912,27/09/2016,820.7296,GBP,,,,,,10
trade_111,29/09/2016,11:03,EFG3,GB00B1VWPC84,CITI,CS,111,102.429,30/09/2016,204.858,GBP,,,,,,10
trade_112,29/09/2016,15:02,ABC1,DE0001141745,DB,CITI,112,102.2668,30/09/2016,1534.002,EUR,,,,,,10
trade_113,26/09/2016,10:45,ABC1,IT0005188120,DB,DB,113,102.1046,27/09/2016,918.9414,EUR,,,,,,10
trade_114,26/09/2016,11:03,EFG3,IT0005188120,BAML,CS,114,101.9424,27/09/2016,305.8272,GBP,,,,,,10
trade_115,29/09/2016,15:02,ABC1,GB00B1VWPC84,BAML,CITI,115,101.7802,30/09/2016,661.5713,EUR,,,,,,10
trade_116,29/09/2016,10:45,EFG3,DE0001141745,DB,BAML,116,101.618,30/09/2016,630.0316,EUR,,,,,,10
trade_117,26/09/2016,11:03,ABC1,IT0005188120,CITI,DB,117,101.4558,27/09/2016,598.58922,EUR,,,,,,10
trade_118,26/09/2016,15:02,EFG3,IT0005188120,CITI,BAML,118,101.2936,27/09/2016,567.24416,EUR,,,,,,10
trade_119,29/09/2016,10:45,ABC1,GB00B1VWPC84,DB,CS,119,101.1314,30/09/2016,535.99642,EUR,,,,,,10
trade_120,29/09/2016,11:03,ABC1,DE0001141745,DB,BAML,120,100.9692,30/09/2016,504.846,EUR,,,,,,10
trade_121,29/09/2016,10:45,ABC1,GB00B1VWPC84,DB,CS,121,107.04,03/10/2016,1070.4,GBP,,,,,,10
trade_122,29/09/2016,11:03,ABC1,DE0001141745,CITI,CS,122,102.5,03/10/2016,512.5,EUR,,,,,,10
trade_123,26/09/2016,15:02,ABC1,IT0005188120,DB,CITI,123,101.59,28/09/2016,1219.08,EUR,,,,,,10
trade_124,26/09/2016,10:45,ABC1,GB00B1VWPC84,CS,DB,124,107.24,28/09/2016,857.92,GBP,,,,,,10
trade_125,26/09/2016,11:03,ABC1,DE0001141745,CITI,CS,125,102.55,28/09/2016,205.1,EUR,,,,,,10
trade_126,26/09/2016,15:02,EFG3,IT0005188120,DB,CITI,126,101.69,28/09/2016,1525.35,EUR,,,,,,10
trade_127,29/09/2016,10:45,EFG3,GB00B1VWPC84,DB,CS,127,107.14,28/09/2016,964.26,GBP,,,,,,10
trade_128,29/09/2016,11:03,EFG3,DE0001141745,BAML,CITI,128,102.85,28/09/2016,308.55,EUR,,,,,,10
trade_129,26/09/2016,15:02,XYZ2,IT0005188120,CS,DB,129,101.159,28/09/2016,202.318,EUR,,,,,,10
trade_130,26/09/2016,10:45,HIJ4,IT0005188120,DB,DB,130,102.5912,27/09/2016,820.7296,GBP,,,,,,10
trade_131,29/09/2016,11:03,EFG3,GB00B1VWPC84,CITI,CS,131,102.429,30/09/2016,204.858,GBP,,,,,,10
trade_132,29/09/2016,15:02,ABC1,DE0001141745,DB,CITI,132,102.2668,30/09/2016,1534.002,EUR,,,,,,10
trade_133,26/09/2016,10:45,ABC1,IT0005188120,DB,DB,133,102.1046,27/09/2016,918.9414,EUR,,,,,,10
trade_134,26/09/2016,11:03,EFG3,IT0005188120,BAML,CS,134,101.9424,27/09/2016,305.8272,GBP,,,,,,10
trade_135,29/09/2016,15:02,ABC1,GB00B1VWPC84,BAML,CITI,135,101.7802,30/09/2016,661.5713,EUR,,,,,,10
trade_136,29/09/2016,10:45,EFG3,DE0001141745,DB,BAML,136,101.618,30/09/2016,630.0316,EUR,,,,,,10
trade_137,26/09/2016,11:03,ABC1,IT0005188120,CITI,DB,137,101.4558,27/09/2016,598.58922,EUR,,,,,,10
trade_138,26/09/2016,15:02,EFG3,IT0005188120,CITI,BAML,138,101.2936,27/09/2016,567.24416,EUR,,,,,,10
trade_139,29/09/2016,10:45,ABC1,GB00B1VWPC84,DB,CS,139,101.1314,30/09/2016,535.99642,EUR,,,,,,10
trade_140,29/09/2016,11:03,ABC1,DE0001141745,DB,BAML,140,100.9692,30/09/2016,504.846,EUR,,,,,,10
trade_141,29/09/2016,10:45,ABC1,GB00B1VWPC84,DB,CS,141,107.04,03/10/2016,1070.4,GBP,,,,,,10
trade_142,29/09/2016,11:03,ABC1,DE0001141745,CITI,CS,142,102.5,03/10/2016,512.5,EUR,,,,,,10
trade_143,26/09/2016,15:02,ABC1,IT0005188120,DB,CITI,143,101.59,28/09/2016,1219.08,EUR,,,,,,10
trade_144,26/09/2016,10:45,ABC1,GB00B1VWPC84,CS,DB,144,107.24,28/09/2016,857.92,GBP,,,,,,10
trade_145,26/09/2016,11:03,ABC1,DE0001141745,CITI,CS,145,102.55,28/09/2016,205.1,EUR,,,,,,10
trade_146,26/09/2016,15:02,EFG3,IT0005188120,DB,CITI,146,101.69,28/09/2016,1525.35,EUR,,,,,,10
trade_147,29/09/2016,10:45,EFG3,GB00B1VWPC84,DB,CS,147,107.14,28/09/2016,964.26,GBP,,,,,,10
trade_148,29/09/2016,11:03,EFG3,DE0001141745,BAML,CITI,148,102.85,28/09/2016,308.55,EUR,,,,,,10
trade_149,26/09/2016,15:02,XYZ2,IT0005188120,CS,DB,149,101.159,28/09/2016,202.318,EUR,,,,,,10
trade_150,26/09/2016,10:45,HIJ4,IT0005188120,DB,DB,150,102.5912,27/09/2016,820.7296,GBP,,,,,,10
trade_151,29/09/2016,11:03,EFG3,GB00B1VWPC84,CITI,CS,151,102.429,30/09/2016,204.858,GBP,,,,,,10
trade_152,29/09/2016,15:02,ABC1,DE0001141745,DB,CITI,152,102.2668,30/09/2016,1534.002,EUR,,,,,,10
trade_153,26/09/2016,10:45,ABC1,IT0005188120,DB,DB,153,102.1046,27/09/2016,918.9414,EUR,,,,,,10
trade_154,26/09/2016,11:03,EFG3,IT0005188120,BAML,CS,154,101.9424,27/09/2016,305.8272,GBP,,,,,,10
trade_155,29/09/2016,15:02,ABC1,GB00B1VWPC84,BAML,CITI,155,101.7802,30/09/2016,661.5713,EUR,,,,,,10
trade_156,29/09/2016,10:45,EFG3,DE0001141745,DB,BAML,156,101.618,30/09/2016,630.0316,EUR,,,,,,10
trade_157,26/09/2016,11:03,ABC1,IT0005188120,CITI,DB,157,101.4558,27/09/2016,598.58922,EUR,,,,,,10
trade_158,26/09/2016,15:02,EFG3,IT0005188120,CITI,BAML,158,101.2936,27/09/2016,567.24416,EUR,,,,,,10
trade_159,29/09/2016,10:45,ABC1,GB00B1VWPC84,DB,CS,159,101.1314,30/09/2016,535.99642,EUR,,,,,,10
trade_160,29/09/2016,11:03,ABC1,DE0001141745,DB,BAML,160,100.9692,30/09/2016,504.846,EUR,,,,,,10
trade_161,29/09/2016,10:45,ABC1,GB00B1VWPC84,DB,CS,161,107.04,03/10/2016,1070.4,GBP,,,,,,10
trade_162,29/09/2016,11:03,ABC1,DE0001141745,CITI,CS,162,102.5,03/10/2016,512.5,EUR,,,,,,10
trade_163,26/09/2016,15:02,ABC1,IT0005188120,DB,CITI,163,101.59,28/09/2016,1219.08,EUR,,,,,,10
trade_164,26/09/2016,10:45,ABC1,GB00B1VWPC84,CS,DB,164,107.24,28/09/2016,857.92,GBP,,,,,,10
trade_165,26/09/2016,11:03,ABC1,DE0001141745,CITI,CS,165,102.55,28/09/2016,205.1,EUR,,,,,,10
trade_166,26/09/2016,15:02,EFG3,IT0005188120,DB,CITI,166,101.69,28/09/2016,1525.35,EUR,,,,,,10
trade_167,29/09/2016,10:45,EFG3,GB00B1VWPC84,DB,CS,167,107.14,28/09/2016,964.26,GBP,,,,,,10
trade_168,29/09/2016,11:03,EFG3,DE0001141745,BAML,CITI,168,102.85,28/09/2016,308.55,EUR,,,,,,10
trade_169,26/09/2016,15:02,XYZ2,IT0005188120,CS,DB,169,101.159,28/09/2016,202.318,EUR,,,,,,10
trade_170,26/09/2016,10:45,HIJ4,IT0005188120,DB,DB,170,102.5912,27/09/2016,820.7296,GBP,,,,,,10
trade_171,29/09/2016,11:03,EFG3,GB00B1VWPC84,CITI,CS,171,102.429,30/09/2016,204.858,GBP,,,,,,10
trade_172,29/09/2016,15:02,ABC1,DE0001141745,DB,CITI,172,102.2668,30/09/2016,1534.002,EUR,,,,,,10
trade_173,26/09/2016,10:45,ABC1,IT0005188120,DB,DB,173,102.1046,27/09/2016,918.9414,EUR,,,,,,10
trade_174,26/09/2016,11:03,EFG3,IT0005188120,BAML,CS,174,101.9424,27/09/2016,305.8272,GBP,,,,,,10
trade_175,29/09/2016,15:02,ABC1,GB00B1VWPC84,BAML,CITI,175,101.7802,30/09/2016,661.5713,EUR,,,,,,10
trade_176,29/09/2016,10:45,EFG3,DE0001141745,DB,BAML,176,101.618,30/09/2016,630.0316,EUR,,,,,,10
trade_177,26/09/2016,11:03,ABC1,IT0005188120,CITI,DB,177,101.4558,27/09/2016,598.58922,EUR,,,,,,10
trade_178,26/09/2016,15:02,EFG3,IT0005188120,CITI,BAML,178,101.2936,27/09/2016,567.24416,EUR,,,,,,10
trade_179,29/09/2016,10:45,ABC1,GB00B1VWPC84,DB,CS,179,101.1314,30/09/2016,535.99642,EUR,,,,,,10
trade_180,29/09/2016,11:03,ABC1,DE0001141745,DB,BAML,180,100.9692,30/09/2016,504.846,EUR,,,,,,10
trade_181,29/09/2016,10:45,ABC1,GB00B1VWPC84,DB,CS,181,107.04,03/10/2016,1070.4,GBP,,,,,,10
trade_182,29/09/2016,11:03,ABC1,DE0001141745,CITI,CS,182,102.5,03/10/2016,512.5,EUR,,,,,,10
trade_183,26/09/2016,15:02,ABC1,IT0005188120,DB,CITI,183,101.59,28/09/2016,1219.08,EUR,,,,,,10
trade_184,26/09/2016,10:45,ABC1,GB00B1VWPC84,CS,DB,184,107.24,28/09/2016,857.92,GBP,,,,,,10
trade_185,26/09/2016,11:03,ABC1,DE0001141745,CITI,CS,185,102.55,28/09/2016,205.1,EUR,,,,,,10
trade_186,26/09/2016,15:02,EFG3,IT0005188120,DB,CITI,186,101.69,28/09/2016,1525.35,EUR,,,,,,10
trade_187,29/09/2016,10:45,EFG3,GB00B1VWPC84,DB,CS,187,107.14,28/09/2016,964.26,GBP,,,,,,10
trade_188,29/09/2016,11:03,EFG3,DE0001141745,BAML,CITI,188,102.85,28/09/2016,308.55,EUR,,,,,,10
trade_189,26/09/2016,15:02,XYZ2,IT0005188120,CS,DB,189,101.159,28/09/2016,202.318,EUR,,,,,,10
trade_190,26/09/2016,10:45,HIJ4,IT0005188120,DB,CS,190,102.5912,27/09/2016,820.7296,GBP,,,,,,10
trade_191,29/09/2016,11:03,EFG3,GB00B1VWPC84,CITI,CS,191,102.429,30/09/2016,204.858,GBP,,,,,,10
trade_192,29/09/2016,15:02,ABC1,DE0001141745,DB,CITI,192,102.2668,30/09/2016,1534.002,EUR,,,,,,10
trade_193,26/09/2016,10:45,ABC1,IT0005188120,DB,CS,193,102.1046,27/09/2016,918.9414,EUR,,,,,,10
trade_194,26/09/2016,11:03,EFG3,IT0005188120,BAML,CS,194,101.9424,27/09/2016,305.8272,GBP,,,,,,10
trade_195,29/09/2016,15:02,ABC1,GB00B1VWPC84,BAML,CITI,195,101.7802,30/09/2016,661.5713,EUR,,,,,,10
trade_196,29/09/2016,10:45,EFG3,DE0001141745,DB,BAML,196,101.618,30/09/2016,630.0316,EUR,,,,,,10
trade_197,26/09/2016,11:03,ABC1,IT0005188120,CITI,DB,197,101.4558,27/09/2016,598.58922,EUR,,,,,,10
trade_198,26/09/2016,15:02,EFG3,IT0005188120,CITI,BAML,198,101.2936,27/09/2016,567.24416,EUR,,,,,,10
trade_199,29/09/2016,10:45,ABC1,GB00B1VWPC84,DB,CS,199,101.1314,30/09/2016,535.99642,EUR,,,,,,10
trade_200,29/09/2016,11:03,ABC1,DE0001141745,DB,BAML,200,100.9692,30/09/2016,504.846,EUR,,,,,,20
trade_201,29/09/2016,10:45,ABC1,GB00B1VWPC84,DB,CS,201,107.04,03/10/2016,1070.4,GBP,,,,,,20
trade_202,29/09/2016,11:03,ABC1,DE0001141745,CITI,CS,202,102.5,03/10/2016,512.5,EUR,,,,,,20
trade_203,26/09/2016,15:02,ABC1,IT0005188120,DB,CITI,203,101.59,28/09/2016,1219.08,EUR,,,,,,20
trade_204,26/09/2016,10:45,ABC1,GB00B1VWPC84,CS,DB,204,107.24,28/09/2016,857.92,GBP,,,,,,20
trade_205,26/09/2016,11:03,ABC1,DE0001141745,CITI,CS,205,102.55,28/09/2016,205.1,EUR,,,,,,20
trade_206,26/09/2016,15:02,EFG3,IT0005188120,DB,CITI,206,101.69,28/09/2016,1525.35,EUR,,,,,,20
trade_207,29/09/2016,10:45,EFG3,GB00B1VWPC84,DB,CS,207,107.14,28/09/2016,964.26,GBP,,,,,,20
trade_208,29/09/2016,11:03,EFG3,DE0001141745,BAML,CITI,208,102.85,28/09/2016,308.55,EUR,,,,,,20
trade_209,26/09/2016,15:02,XYZ2,IT0005188120,CS,DB,209,101.159,28/09/2016,202.318,EUR,,,,,,20
trade_210,26/09/2016,10:45,HIJ4,IT0005188120,DB,DB,210,102.5912,27/09/2016,820.7296,GBP,,,,,,20
trade_211,29/09/2016,11:03,EFG3,GB00B1VWPC84,CITI,CS,211,102.429,30/09/2016,204.858,GBP,,,,,,20
trade_212,29/09/2016,15:02,ABC1,DE0001141745,DB,CITI,212,102.2668,30/09/2016,1534.002,EUR,,,,,,20
trade_213,26/09/2016,10:45,ABC1,IT0005188120,DB,DB,213,102.1046,27/09/2016,918.9414,EUR,,,,,,20
trade_214,26/09/2016,11:03,EFG3,IT0005188120,BAML,CS,214,101.9424,27/09/2016,305.8272,GBP,,,,,,20
trade_215,29/09/2016,15:02,ABC1,GB00B1VWPC84,BAML,CITI,215,101.7802,30/09/2016,661.5713,EUR,,,,,,20
trade_216,29/09/2016,10:45,EFG3,DE0001141745,DB,BAML,216,101.618,30/09/2016,630.0316,EUR,,,,,,20
trade_217,26/09/2016,11:03,ABC1,IT0005188120,CITI,DB,217,101.4558,27/09/2016,598.58922,EUR,,,,,,20
trade_218,26/09/2016,15:02,EFG3,IT0005188120,CITI,BAML,218,101.2936,27/09/2016,567.24416,EUR,,,,,,20
trade_219,29/09/2016,10:45,ABC1,GB00B1VWPC84,DB,CS,219,101.1314,30/09/2016,535.99642,EUR,,,,,,20
trade_220,29/09/2016,11:03,ABC1,DE0001141745,DB,BAML,220,100.9692,30/09/2016,504.846,EUR,,,,,,20
trade_221,29/09/2016,10:45,ABC1,GB00B1VWPC84,DB,CS,221,107.04,03/10/2016,1070.4,GBP,,,,,,20
trade_222,29/09/2016,11:03,ABC1,DE0001141745,CITI,CS,222,102.5,03/10/2016,512.5,EUR,,,,,,20
trade_223,26/09/2016,15:02,ABC1,IT0005188120,DB,CITI,223,101.59,28/09/2016,1219.08,EUR,,,,,,20
trade_224,26/09/2016,10:45,ABC1,GB00B1VWPC84,CS,DB,224,107.24,28/09/2016,857.92,GBP,,,,,,20
trade_225,26/09/2016,11:03,ABC1,DE0001141745,CITI,CS,225,102.55,28/09/2016,205.1,EUR,,,,,,20
trade_226,26/09/2016,15:02,EFG3,IT0005188120,DB,CITI,226,101.69,28/09/2016,1525.35,EUR,,,,,,20
trade_227,29/09/2016,10:45,EFG3,GB00B1VWPC84,DB,CS,227,107.14,28/09/2016,964.26,GBP,,,,,,20
trade_228,29/09/2016,11:03,EFG3,DE0001141745,BAML,CITI,228,102.85,28/09/2016,308.55,EUR,,,,,,20
trade_229,26/09/2016,15:02,XYZ2,IT0005188120,CS,DB,229,101.159,28/09/2016,202.318,EUR,,,,,,20
trade_230,26/09/2016,10:45,HIJ4,IT0005188120,DB,DB,230,102.5912,27/09/2016,820.7296,GBP,,,,,,20
trade_231,29/09/2016,11:03,EFG3,GB00B1VWPC84,CITI,CS,231,102.429,30/09/2016,204.858,GBP,,,,,,20
trade_232,29/09/2016,15:02,ABC1,DE0001141745,DB,CITI,232,102.2668,30/09/2016,1534.002,EUR,,,,,,20
trade_233,26/09/2016,10:45,ABC1,IT0005188120,DB,DB,233,102.1046,27/09/2016,918.9414,EUR,,,,,,20
trade_234,26/09/2016,11:03,EFG3,IT0005188120,BAML,CS,234,101.9424,27/09/2016,305.8272,GBP,,,,,,20
trade_235,29/09/2016,15:02,ABC1,GB00B1VWPC84,BAML,CITI,235,101.7802,30/09/2016,661.5713,EUR,,,,,,20
trade_236,29/09/2016,10:45,EFG3,DE0001141745,DB,BAML,236,101.618,30/09/2016,630.0316,EUR,,,,,,20
trade_237,26/09/2016,11:03,ABC1,IT0005188120,CITI,DB,237,101.4558,27/09/2016,598.58922,EUR,,,,,,20
trade_238,26/09/2016,15:02,EFG3,IT0005188120,CITI,BAML,238,101.2936,27/09/2016,567.24416,EUR,,,,,,20
trade_239,29/09/2016,10:45,ABC1,GB00B1VWPC84,DB,CS,239,101.1314,30/09/2016,535.99642,EUR,,,,,,20
trade_240,29/09/2016,11:03,ABC1,DE0001141745,DB,BAML,240,100.9692,30/09/2016,504.846,EUR,,,,,,20
trade_241,29/09/2016,10:45,ABC1,GB00B1VWPC84,DB,CS,241,107.04,03/10/2016,1070.4,GBP,,,,,,20
trade_242,29/09/2016,11:03,ABC1,DE0001141745,CITI,CS,242,102.5,03/10/2016,512.5,EUR,,,,,,20
trade_243,26/09/2016,15:02,ABC1,IT0005188120,DB,CITI,243,101.59,28/09/2016,1219.08,EUR,,,,,,20
trade_244,26/09/2016,10:45,ABC1,GB00B1VWPC84,CS,DB,244,107.24,28/09/2016,857.92,GBP,,,,,,20
trade_245,26/09/2016,11:03,ABC1,DE0001141745,CITI,CS,245,102.55,28/09/2016,205.1,EUR,,,,,,20
trade_246,26/09/2016,15:02,EFG3,IT0005188120,DB,CITI,246,101.69,28/09/2016,1525.35,EUR,,,,,,20
trade_247,29/09/2016,10:45,EFG3,GB00B1VWPC84,DB,CS,247,107.14,28/09/2016,964.26,GBP,,,,,,20
trade_248,29/09/2016,11:03,EFG3,DE0001141745,BAML,CITI,248,102.85,28/09/2016,308.55,EUR,,,,,,20
trade_249,26/09/2016,15:02,XYZ2,IT0005188120,CS,DB,249,101.159,28/09/2016,202.318,EUR,,,,,,20
trade_250,26/09/2016,10:45,HIJ4,IT0005188120,DB,DB,250,102.5912,27/09/2016,820.7296,GBP,,,,,,20
trade_251,29/09/2016,11:03,EFG3,GB00B1VWPC84,CITI,CS,251,102.429,30/09/2016,204.858,GBP,,,,,,20
trade_252,29/09/2016,15:02,ABC1,DE0001141745,DB,CITI,252,102.2668,30/09/2016,1534.002,EUR,,,,,,20
trade_253,26/09/2016,10:45,ABC1,IT0005188120,DB,DB,253,102.1046,27/09/2016,918.9414,EUR,,,,,,20
trade_254,26/09/2016,11:03,EFG3,IT0005188120,BAML,CS,254,101.9424,27/09/2016,305.8272,GBP,,,,,,20
trade_255,29/09/2016,15:02,ABC1,GB00B1VWPC84,BAML,CITI,255,101.7802,30/09/2016,661.5713,EUR,,,,,,20
trade_256,29/09/2016,10:45,EFG3,DE0001141745,DB,BAML,256,101.618,30/09/2016,630.0316,EUR,,,,,,20
trade_257,26/09/2016,11:03,ABC1,IT0005188120,CITI,DB,257,101.4558,27/09/2016,598.58922,EUR,,,,,,20
trade_258,26/09/2016,15:02,EFG3,IT0005188120,CITI,BAML,258,101.2936,27/09/2016,567.24416,EUR,,,,,,20
trade_259,29/09/2016,10:45,ABC1,GB00B1VWPC84,DB,CS,259,101.1314,30/09/2016,535.99642,EUR,,,,,,20
trade_260,29/09/2016,11:03,ABC1,DE0001141745,DB,BAML,260,100.9692,30/09/2016,504.846,EUR,,,,,,20
trade_261,29/09/2016,10:45,ABC1,GB00B1VWPC84,DB,CS,261,107.04,03/10/2016,1070.4,GBP,,,,,,20
trade_262,29/09/2016,11:03,ABC1,DE0001141745,CITI,CS,262,102.5,03/10/2016,512.5,EUR,,,,,,20
trade_263,26/09/2016,15:02,ABC1,IT0005188120,DB,CITI,263,101.59,28/09/2016,1219.08,EUR,,,,,,20
trade_264,26/09/2016,10:45,ABC1,GB00B1VWPC84,CS,DB,264,107.24,28/09/2016,857.92,GBP,,,,,,20
trade_265,26/09/2016,11:03,ABC1,DE0001141745,CITI,CS,265,102.55,28/09/2016,205.1,EUR,,,,,,20
trade_266,26/09/2016,15:02,EFG3,IT0005188120,DB,CITI,266,101.69,28/09/2016,1525.35,EUR,,,,,,20
trade_267,29/09/2016,10:45,EFG3,GB00B1VWPC84,DB,CS,267,107.14,28/09/2016,964.26,GBP,,,,,,20
trade_268,29/09/2016,11:03,EFG3,DE0001141745,BAML,CITI,268,102.85,28/09/2016,308.55,EUR,,,,,,20
trade_269,26/09/2016,15:02,XYZ2,IT0005188120,CS,DB,269,101.159,28/09/2016,202.318,EUR,,,,,,20
trade_270,26/09/2016,10:45,HIJ4,IT0005188120,DB,DB,270,102.5912,27/09/2016,820.7296,GBP,,,,,,20
trade_271,29/09/2016,11:03,EFG3,GB00B1VWPC84,CITI,CS,271,102.429,30/09/2016,204.858,GBP,,,,,,20
trade_272,29/09/2016,15:02,ABC1,DE0001141745,DB,CITI,272,102.2668,30/09/2016,1534.002,EUR,,,,,,20
trade_273,26/09/2016,10:45,ABC1,IT0005188120,DB,DB,273,102.1046,27/09/2016,918.9414,EUR,,,,,,20
trade_274,26/09/2016,11:03,EFG3,IT0005188120,BAML,CS,274,101.9424,27/09/2016,305.8272,GBP,,,,,,20
trade_275,29/09/2016,15:02,ABC1,GB00B1VWPC84,BAML,CITI,275,101.7802,30/09/2016,661.5713,EUR,,,,,,20
trade_276,29/09/2016,10:45,EFG3,DE0001141745,DB,BAML,276,101.618,30/09/2016,630.0316,EUR,,,,,,20
trade_277,26/09/2016,11:03,ABC1,IT0005188120,CITI,DB,277,101.4558,27/09/2016,598.58922,EUR,,,,,,20
trade_278,26/09/2016,15:02,EFG3,IT0005188120,CITI,BAML,278,101.2936,27/09/2016,567.24416,EUR,,,,,,20
trade_279,29/09/2016,10:45,ABC1,GB00B1VWPC84,DB,CS,279,101.1314,30/09/2016,535.99642,EUR,,,,,,20
trade_280,29/09/2016,11:03,ABC1,DE0001141745,DB,BAML,280,100.9692,30/09/2016,504.846,EUR,,,,,,20
trade_281,29/09/2016,10:45,ABC1,GB00B1VWPC84,DB,CS,281,107.04,03/10/2016,1070.4,GBP,,,,,,20
trade_282,29/09/2016,11:03,ABC1,DE0001141745,CITI,CS,282,102.5,03/10/2016,512.5,EUR,,,,,,20
trade_283,26/09/2016,15:02,ABC1,IT0005188120,DB,CITI,283,101.59,28/09/2016,1219.08,EUR,,,,,,20
trade_284,26/09/2016,10:45,ABC1,GB00B1VWPC84,CS,DB,284,107.24,28/09/2016,857.92,GBP,,,,,,20
trade_285,26/09/2016,11:03,ABC1,DE0001141745,CITI,CS,285,102.55,28/09/2016,205.1,EUR,,,,,,20
trade_286,26/09/2016,15:02,EFG3,IT0005188120,DB,CITI,286,101.69,28/09/2016,1525.35,EUR,,,,,,20
trade_287,29/09/2016,10:45,EFG3,GB00B1VWPC84,DB,CS,287,107.14,28/09/2016,964.26,GBP,,,,,,20
trade_288,29/09/2016,11:03,EFG3,DE0001141745,BAML,CITI,288,102.85,28/09/2016,308.55,EUR,,,,,,20
trade_289,26/09/2016,15:02,XYZ2,IT0005188120,CS,DB,289,101.159,28/09/2016,202.318,EUR,,,,,,20
trade_290,26/09/2016,10:45,HIJ4,IT0005188120,DB,CS,290,102.5912,27/09/2016,820.7296,GBP,,,,,,20
trade_291,29/09/2016,11:03,EFG3,GB00B1VWPC84,CITI,CS,291,102.429,30/09/2016,204.858,GBP,,,,,,20
trade_292,29/09/2016,15:02,ABC1,DE0001141745,DB,CITI,292,102.2668,30/09/2016,1534.002,EUR,,,,,,20
trade_293,26/09/2016,10:45,ABC1,IT0005188120,DB,CS,293,102.1046,27/09/2016,918.9414,EUR,,,,,,20
trade_294,26/09/2016,11:03,EFG3,IT0005188120,BAML,CS,294,101.9424,27/09/2016,305.8272,GBP,,,,,,20
trade_295,29/09/2016,15:02,ABC1,GB00B1VWPC84,BAML,CITI,295,101.7802,30/09/2016,661.5713,EUR,,,,,,20
trade_296,29/09/2016,10:45,EFG3,DE0001141745,DB,BAML,296,101.618,30/09/2016,630.0316,EUR,,,,,,20
trade_297,26/09/2016,11:03,ABC1,IT0005188120,CITI,DB,297,101.4558,27/09/2016,598.58922,EUR,,,,,,20
trade_298,26/09/2016,15:02,EFG3,IT0005188120,CITI,BAML,298,101.2936,27/09/2016,567.24416,EUR,,,,,,20
trade_299,29/09/2016,10:45,ABC1,GB00B1VWPC84,DB,CS,299,101.1314,30/09/2016,535.99642,EUR,,,,,,20
trade_300,29/09/2016,11:03,ABC1,DE0001141745,DB,BAML,300,100.9692,30/09/2016,504.846,EUR,,,,,,30
trade_301,29/09/2016,10:45,ABC1,GB00B1VWPC84,DB,CS,301,107.04,03/10/2016,1070.4,GBP,,,,,,30
trade_302,29/09/2016,11:03,ABC1,DE0001141745,CITI,CS,302,102.5,03/10/2016,512.5,EUR,,,,,,30
trade_303,26/09/2016,15:02,ABC1,IT0005188120,DB,CITI,303,101.59,28/09/2016,1219.08,EUR,,,,,,30
trade_304,26/09/2016,10:45,ABC1,GB00B1VWPC84,CS,DB,304,107.24,28/09/2016,857.92,GBP,,,,,,30
trade_305,26/09/2016,11:03,ABC1,DE0001141745,CITI,CS,305,102.55,28/09/2016,205.1,EUR,,,,,,30
trade_306,26/09/2016,15:02,EFG3,IT0005188120,DB,CITI,306,101.69,28/09/2016,1525.35,EUR,,,,,,30
trade_307,29/09/2016,10:45,EFG3,GB00B1VWPC84,DB,CS,307,107.14,28/09/2016,964.26,GBP,,,,,,30
trade_308,29/09/2016,11:03,EFG3,DE0001141745,BAML,CITI,308,102.85,28/09/2016,308.55,EUR,,,,,,30
trade_309,26/09/2016,15:02,XYZ2,IT0005188120,CS,DB,309,101.159,28/09/2016,202.318,EUR,,,,,,30
trade_310,26/09/2016,10:45,HIJ4,IT0005188120,DB,DB,310,102.5912,27/09/2016,820.7296,GBP,,,,,,30
trade_311,29/09/2016,11:03,EFG3,GB00B1VWPC84,CITI,CS,311,102.429,30/09/2016,204.858,GBP,,,,,,30
trade_312,29/09/2016,15:02,ABC1,DE0001141745,DB,CITI,312,102.2668,30/09/2016,1534.002,EUR,,,,,,30
trade_313,26/09/2016,10:45,ABC1,IT0005188120,DB,DB,313,102.1046,27/09/2016,918.9414,EUR,,,,,,30
trade_314,26/09/2016,11:03,EFG3,IT0005188120,BAML,CS,314,101.9424,27/09/2016,305.8272,GBP,,,,,,30
trade_315,29/09/2016,15:02,ABC1,GB00B1VWPC84,BAML,CITI,315,101.7802,30/09/2016,661.5713,EUR,,,,,,30
trade_316,29/09/2016,10:45,EFG3,DE0001141745,DB,BAML,316,101.618,30/09/2016,630.0316,EUR,,,,,,30
trade_317,26/09/2016,11:03,ABC1,IT0005188120,CITI,DB,317,101.4558,27/09/2016,598.58922,EUR,,,,,,30
trade_318,26/09/2016,15:02,EFG3,IT0005188120,CITI,BAML,318,101.2936,27/09/2016,567.24416,EUR,,,,,,30
trade_319,29/09/2016,10:45,ABC1,GB00B1VWPC84,DB,CS,319,101.1314,30/09/2016,535.99642,EUR,,,,,,30
trade_320,29/09/2016,11:03,ABC1,DE0001141745,DB,BAML,320,100.9692,30/09/2016,504.846,EUR,,,,,,30
trade_321,29/09/2016,10:45,ABC1,GB00B1VWPC84,DB,CS,321,107.04,03/10/2016,1070.4,GBP,,,,,,30
trade_322,29/09/2016,11:03,ABC1,DE0001141745,CITI,CS,322,102.5,03/10/2016,512.5,EUR,,,,,,30
trade_323,26/09/2016,15:02,ABC1,IT0005188120,DB,CITI,323,101.59,28/09/2016,1219.08,EUR,,,,,,30
trade_324,26/09/2016,10:45,ABC1,GB00B1VWPC84,CS,DB,324,107.24,28/09/2016,857.92,GBP,,,,,,30
trade_325,26/09/2016,11:03,ABC1,DE0001141745,CITI,CS,325,102.55,28/09/2016,205.1,EUR,,,,,,30
trade_326,26/09/2016,15:02,EFG3,IT0005188120,DB,CITI,326,101.69,28/09/2016,1525.35,EUR,,,,,,30
trade_327,29/09/2016,10:45,EFG3,GB00B1VWPC84,DB,CS,327,107.14,28/09/2016,964.26,GBP,,,,,,30
trade_328,29/09/2016,11:03,EFG3,DE0001141745,BAML,CITI,328,102.85,28/09/2016,308.55,EUR,,,,,,30
trade_329,26/09/2016,15:02,XYZ2,IT0005188120,CS,DB,329,101.159,28/09/2016,202.318,EUR,,,,,,30
trade_330,26/09/2016,10:45,HIJ4,IT0005188120,DB,DB,330,102.5912,27/09/2016,820.7296,GBP,,,,,,30
trade_331,29/09/2016,11:03,EFG3,GB00B1VWPC84,CITI,CS,331,102.429,30/09/2016,204.858,GBP,,,,,,30
trade_332,29/09/2016,15:02,ABC1,DE0001141745,DB,CITI,332,102.2668,30/09/2016,1534.002,EUR,,,,,,30
trade_333,26/09/2016,10:45,ABC1,IT0005188120,DB,DB,333,102.1046,27/09/2016,918.9414,EUR,,,,,,30
trade_334,26/09/2016,11:03,EFG3,IT0005188120,BAML,CS,334,101.9424,27/09/2016,305.8272,GBP,,,,,,30
trade_335,29/09/2016,15:02,ABC1,GB00B1VWPC84,BAML,CITI,335,101.7802,30/09/2016,661.5713,EUR,,,,,,30
trade_336,29/09/2016,10:45,EFG3,DE0001141745,DB,BAML,336,101.618,30/09/2016,630.0316,EUR,,,,,,30
trade_337,26/09/2016,11:03,ABC1,IT0005188120,CITI,DB,337,101.4558,27/09/2016,598.58922,EUR,,,,,,30
trade_338,26/09/2016,15:02,EFG3,IT0005188120,CITI,BAML,338,101.2936,27/09/2016,567.24416,EUR,,,,,,30
trade_339,29/09/2016,10:45,ABC1,GB00B1VWPC84,DB,CS,339,101.1314,30/09/2016,535.99642,EUR,,,,,,30
trade_340,29/09/2016,11:03,ABC1,DE0001141745,DB,BAML,340,100.9692,30/09/2016,504.846,EUR,,,,,,30
trade_341,29/09/2016,10:45,ABC1,GB00B1VWPC84,DB,CS,341,107.04,03/10/2016,1070.4,GBP,,,,,,30
trade_342,29/09/2016,11:03,ABC1,DE0001141745,CITI,CS,342,102.5,03/10/2016,512.5,EUR,,,,,,30
trade_343,26/09/2016,15:02,ABC1,IT0005188120,DB,CITI,343,101.59,28/09/2016,1219.08,EUR,,,,,,30
trade_344,26/09/2016,10:45,ABC1,GB00B1VWPC84,CS,DB,344,107.24,28/09/2016,857.92,GBP,,,,,,30
trade_345,26/09/2016,11:03,ABC1,DE0001141745,CITI,CS,345,102.55,28/09/2016,205.1,EUR,,,,,,30
trade_346,26/09/2016,15:02,EFG3,IT0005188120,DB,CITI,346,101.69,28/09/2016,1525.35,EUR,,,,,,30
trade_347,29/09/2016,10:45,EFG3,GB00B1VWPC84,DB,CS,347,107.14,28/09/2016,964.26,GBP,,,,,,30
trade_348,29/09/2016,11:03,EFG3,DE0001141745,BAML,CITI,348,102.85,28/09/2016,308.55,EUR,,,,,,30
trade_349,26/09/2016,15:02,XYZ2,IT0005188120,CS,DB,349,101.159,28/09/2016,202.318,EUR,,,,,,30
trade_350,26/09/2016,10:45,HIJ4,IT0005188120,DB,DB,350,102.5912,27/09/2016,820.7296,GBP,,,,,,30
trade_351,29/09/2016,11:03,EFG3,GB00B1VWPC84,CITI,CS,351,102.429,30/09/2016,204.858,GBP,,,,,,30
trade_352,29/09/2016,15:02,ABC1,DE0001141745,DB,CITI,352,102.2668,30/09/2016,1534.002,EUR,,,,,,30
trade_353,26/09/2016,10:45,ABC1,IT0005188120,DB,DB,353,102.1046,27/09/2016,918.9414,EUR,,,,,,30
trade_354,26/09/2016,11:03,EFG3,IT0005188120,BAML,CS,354,101.9424,27/09/2016,305.8272,GBP,,,,,,30
trade_355,29/09/2016,15:02,ABC1,GB00B1VWPC84,BAML,CITI,355,101.7802,30/09/2016,661.5713,EUR,,,,,,30
trade_356,29/09/2016,10:45,EFG3,DE0001141745,DB,BAML,356,101.618,30/09/2016,630.0316,EUR,,,,,,30
trade_357,26/09/2016,11:03,ABC1,IT0005188120,CITI,DB,357,101.4558,27/09/2016,598.58922,EUR,,,,,,30
trade_358,26/09/2016,15:02,EFG3,IT0005188120,CITI,BAML,358,101.2936,27/09/2016,567.24416,EUR,,,,,,30
trade_359,29/09/2016,10:45,ABC1,GB00B1VWPC84,DB,CS,359,101.1314,30/09/2016,535.99642,EUR,,,,,,30
trade_360,29/09/2016,11:03,ABC1,DE0001141745,DB,BAML,360,100.9692,30/09/2016,504.846,EUR,,,,,,30
trade_361,29/09/2016,10:45,ABC1,GB00B1VWPC84,DB,CS,361,107.04,03/10/2016,1070.4,GBP,,,,,,30
trade_362,29/09/2016,11:03,ABC1,DE0001141745,CITI,CS,362,102.5,03/10/2016,512.5,EUR,,,,,,30
trade_363,26/09/2016,15:02,ABC1,IT0005188120,DB,CITI,363,101.59,28/09/2016,1219.08,EUR,,,,,,30
trade_364,26/09/2016,10:45,ABC1,GB00B1VWPC84,CS,DB,364,107.24,28/09/2016,857.92,GBP,,,,,,30
trade_365,26/09/2016,11:03,ABC1,DE0001141745,CITI,CS,365,102.55,28/09/2016,205.1,EUR,,,,,,30
trade_366,26/09/2016,15:02,EFG3,IT0005188120,DB,CITI,366,101.69,28/09/2016,1525.35,EUR,,,,,,30
trade_367,29/09/2016,10:45,EFG3,GB00B1VWPC84,DB,CS,367,107.14,28/09/2016,964.26,GBP,,,,,,30
trade_368,29/09/2016,11:03,EFG3,DE0001141745,BAML,CITI,368,102.85,28/09/2016,308.55,EUR,,,,,,30
trade_369,26/09/2016,15:02,XYZ2,IT0005188120,CS,DB,369,101.159,28/09/2016,202.318,EUR,,,,,,30
trade_370,26/09/2016,10:45,HIJ4,IT0005188120,DB,DB,370,102.5912,27/09/2016,820.7296,GBP,,,,,,30
trade_371,29/09/2016,11:03,EFG3,GB00B1VWPC84,CITI,CS,371,102.429,30/09/2016,204.858,GBP,,,,,,30
trade_372,29/09/2016,15:02,ABC1,DE0001141745,DB,CITI,372,102.2668,30/09/2016,1534.002,EUR,,,,,,30
trade_373,26/09/2016,10:45,ABC1,IT0005188120,DB,DB,373,102.1046,27/09/2016,918.9414,EUR,,,,,,30
trade_374,26/09/2016,11:03,EFG3,IT0005188120,BAML,CS,374,101.9424,27/09/2016,305.8272,GBP,,,,,,30
trade_375,29/09/2016,15:02,ABC1,GB00B1VWPC84,BAML,CITI,375,101.7802,30/09/2016,661.5713,EUR,,,,,,30
trade_376,29/09/2016,10:45,EFG3,DE0001141745,DB,BAML,376,101.618,30/09/2016,630.0316,EUR,,,,,,30
trade_377,26/09/2016,11:03,ABC1,IT0005188120,CITI,DB,377,101.4558,27/09/2016,598.58922,EUR,,,,,,30
trade_378,26/09/2016,15:02,EFG3,IT0005188120,CITI,BAML,378,101.2936,27/09/2016,567.24416,EUR,,,,,,30
trade_379,29/09/2016,10:45,ABC1,GB00B1VWPC84,DB,CS,379,101.1314,30/09/2016,535.99642,EUR,,,,,,30
trade_380,29/09/2016,11:03,ABC1,DE0001141745,DB,BAML,380,100.9692,30/09/2016,504.846,EUR,,,,,,30
trade_381,29/09/2016,10:45,ABC1,GB00B1VWPC84,DB,CS,381,107.04,03/10/2016,1070.4,GBP,,,,,,30
trade_382,29/09/2016,11:03,ABC1,DE0001141745,CITI,CS,382,102.5,03/10/2016,512.5,EUR,,,,,,30
trade_383,26/09/2016,15:02,ABC1,IT0005188120,DB,CITI,383,101.59,28/09/2016,1219.08,EUR,,,,,,30
trade_384,26/09/2016,10:45,ABC1,GB00B1VWPC84,CS,DB,384,107.24,28/09/2016,857.92,GBP,,,,,,30
trade_385,26/09/2016,11:03,ABC1,DE0001141745,CITI,CS,385,102.55,28/09/2016,205.1,EUR,,,,,,30
trade_386,26/09/2016,15:02,EFG3,IT0005188120,DB,CITI,386,101.69,28/09/2016,1525.35,EUR,,,,,,30
trade_387,29/09/2016,10:45,EFG3,GB00B1VWPC84,DB,CS,387,107.14,28/09/2016,964.26,GBP,,,,,,30
trade_388,29/09/2016,11:03,EFG3,DE0001141745,BAML,CITI,388,102.85,28/09/2016,308.55,EUR,,,,,,30
trade_389,26/09/2016,15:02,XYZ2,IT0005188120,CS,DB,389,101.159,28/09/2016,202.318,EUR,,,,,,30
trade_390,26/09/2016,10:45,HIJ4,IT0005188120,DB,CS,390,102.5912,27/09/2016,820.7296,GBP,,,,,,30
trade_391,29/09/2016,11:03,EFG3,GB00B1VWPC84,CITI,CS,391,102.429,30/09/2016,204.858,GBP,,,,,,30
trade_392,29/09/2016,15:02,ABC1,DE0001141745,DB,CITI,392,102.2668,30/09/2016,1534.002,EUR,,,,,,30
trade_393,26/09/2016,10:45,ABC1,IT0005188120,DB,CS,393,102.1046,27/09/2016,918.9414,EUR,,,,,,30
trade_394,26/09/2016,11:03,EFG3,IT0005188120,BAML,CS,394,101.9424,27/09/2016,305.8272,GBP,,,,,,30
trade_395,29/09/2016,15:02,ABC1,GB00B1VWPC84,BAML,CITI,395,101.7802,30/09/2016,661.5713,EUR,,,,,,30
trade_396,29/09/2016,10:45,EFG3,DE0001141745,DB,BAML,396,101.618,30/09/2016,630.0316,EUR,,,,,,30
trade_397,26/09/2016,11:03,ABC1,IT0005188120,CITI,DB,397,101.4558,27/09/2016,598.58922,EUR,,,,,,30
trade_398,26/09/2016,15:02,EFG3,IT0005188120,CITI,BAML,398,101.2936,27/09/2016,567.24416,EUR,,,,,,30
trade_399,29/09/2016,10:45,ABC1,GB00B1VWPC84,DB,CS,399,101.1314,30/09/2016,535.99642,EUR,,,,,,30
trade_400,29/09/2016,11:03,ABC1,DE0001141745,DB,BAML,400,100.9692,30/09/2016,504.846,EUR,,,,,,40
trade_401,29/09/2016,10:45,ABC1,GB00B1VWPC84,DB,CS,401,107.04,03/10/2016,1070.4,GBP,,,,,,40
trade_402,29/09/2016,11:03,ABC1,DE0001141745,CITI,CS,402,102.5,03/10/2016,512.5,EUR,,,,,,40
trade_403,26/09/2016,15:02,ABC1,IT0005188120,DB,CITI,403,101.59,28/09/2016,1219.08,EUR,,,,,,40
trade_404,26/09/2016,10:45,ABC1,GB00B1VWPC84,CS,DB,404,107.24,28/09/2016,857.92,GBP,,,,,,40
trade_405,26/09/2016,11:03,ABC1,DE0001141745,CITI,CS,405,102.55,28/09/2016,205.1,EUR,,,,,,40
trade_406,26/09/2016,15:02,EFG3,IT0005188120,DB,CITI,406,101.69,28/09/2016,1525.35,EUR,,,,,,40
trade_407,29/09/2016,10:45,EFG3,GB00B1VWPC84,DB,CS,407,107.14,28/09/2016,964.26,GBP,,,,,,40
trade_408,29/09/2016,11:03,EFG3,DE0001141745,BAML,CITI,408,102.85,28/09/2016,308.55,EUR,,,,,,40
trade_409,26/09/2016,15:02,XYZ2,IT0005188120,CS,DB,409,101.159,28/09/2016,202.318,EUR,,,,,,40
trade_410,26/09/2016,10:45,HIJ4,IT0005188120,DB,DB,410,102.5912,27/09/2016,820.7296,GBP,,,,,,40
trade_411,29/09/2016,11:03,EFG3,GB00B1VWPC84,CITI,CS,411,102.429,30/09/2016,204.858,GBP,,,,,,40
trade_412,29/09/2016,15:02,ABC1,DE0001141745,DB,CITI,412,102.2668,30/09/2016,1534.002,EUR,,,,,,40
trade_413,26/09/2016,10:45,ABC1,IT0005188120,DB,DB,413,102.1046,27/09/2016,918.9414,EUR,,,,,,40
trade_414,26/09/2016,11:03,EFG3,IT0005188120,BAML,CS,414,101.9424,27/09/2016,305.8272,GBP,,,,,,40
trade_415,29/09/2016,15:02,ABC1,GB00B1VWPC84,BAML,CITI,415,101.7802,30/09/2016,661.5713,EUR,,,,,,40
trade_416,29/09/2016,10:45,EFG3,DE0001141745,DB,BAML,416,101.618,30/09/2016,630.0316,EUR,,,,,,40
trade_417,26/09/2016,11:03,ABC1,IT0005188120,CITI,DB,417,101.4558,27/09/2016,598.58922,EUR,,,,,,40
trade_418,26/09/2016,15:02,EFG3,IT0005188120,CITI,BAML,418,101.2936,27/09/2016,567.24416,EUR,,,,,,40
trade_419,29/09/2016,10:45,ABC1,GB00B1VWPC84,DB,CS,419,101.1314,30/09/2016,535.99642,EUR,,,,,,40
trade_420,29/09/2016,11:03,ABC1,DE0001141745,DB,BAML,420,100.9692,30/09/2016,504.846,EUR,,,,,,40
trade_421,29/09/2016,10:45,ABC1,GB00B1VWPC84,DB,CS,421,107.04,03/10/2016,1070.4,GBP,,,,,,40
trade_422,29/09/2016,11:03,ABC1,DE0001141745,CITI,CS,422,102.5,03/10/2016,512.5,EUR,,,,,,40
trade_423,26/09/2016,15:02,ABC1,IT0005188120,DB,CITI,423,101.59,28/09/2016,1219.08,EUR,,,,,,40
trade_424,26/09/2016,10:45,ABC1,GB00B1VWPC84,CS,DB,424,107.24,28/09/2016,857.92,GBP,,,,,,40
trade_425,26/09/2016,11:03,ABC1,DE0001141745,CITI,CS,425,102.55,28/09/2016,205.1,EUR,,,,,,40
trade_426,26/09/2016,15:02,EFG3,IT0005188120,DB,CITI,426,101.69,28/09/2016,1525.35,EUR,,,,,,40
trade_427,29/09/2016,10:45,EFG3,GB00B1VWPC84,DB,CS,427,107.14,28/09/2016,964.26,GBP,,,,,,40
trade_428,29/09/2016,11:03,EFG3,DE0001141745,BAML,CITI,428,102.85,28/09/2016,308.55,EUR,,,,,,40
trade_429,26/09/2016,15:02,XYZ2,IT0005188120,CS,DB,429,101.159,28/09/2016,202.318,EUR,,,,,,40
trade_430,26/09/2016,10:45,HIJ4,IT0005188120,DB,DB,430,102.5912,27/09/2016,820.7296,GBP,,,,,,40
trade_431,29/09/2016,11:03,EFG3,GB00B1VWPC84,CITI,CS,431,102.429,30/09/2016,204.858,GBP,,,,,,40
trade_432,29/09/2016,15:02,ABC1,DE0001141745,DB,CITI,432,102.2668,30/09/2016,1534.002,EUR,,,,,,40
trade_433,26/09/2016,10:45,ABC1,IT0005188120,DB,DB,433,102.1046,27/09/2016,918.9414,EUR,,,,,,40
trade_434,26/09/2016,11:03,EFG3,IT0005188120,BAML,CS,434,101.9424,27/09/2016,305.8272,GBP,,,,,,40
trade_435,29/09/2016,15:02,ABC1,GB00B1VWPC84,BAML,CITI,435,101.7802,30/09/2016,661.5713,EUR,,,,,,40
trade_436,29/09/2016,10:45,EFG3,DE0001141745,DB,BAML,436,101.618,30/09/2016,630.0316,EUR,,,,,,40
trade_437,26/09/2016,11:03,ABC1,IT0005188120,CITI,DB,437,101.4558,27/09/2016,598.58922,EUR,,,,,,40
trade_438,26/09/2016,15:02,EFG3,IT0005188120,CITI,BAML,438,101.2936,27/09/2016,567.24416,EUR,,,,,,40
trade_439,29/09/2016,10:45,ABC1,GB00B1VWPC84,DB,CS,439,101.1314,30/09/2016,535.99642,EUR,,,,,,40
trade_440,29/09/2016,11:03,ABC1,DE0001141745,DB,BAML,440,100.9692,30/09/2016,504.846,EUR,,,,,,40
trade_441,29/09/2016,10:45,ABC1,GB00B1VWPC84,DB,CS,441,107.04,03/10/2016,1070.4,GBP,,,,,,40
trade_442,29/09/2016,11:03,ABC1,DE0001141745,CITI,CS,442,102.5,03/10/2016,512.5,EUR,,,,,,40
trade_443,26/09/2016,15:02,ABC1,IT0005188120,DB,CITI,443,101.59,28/09/2016,1219.08,EUR,,,,,,40
trade_444,26/09/2016,10:45,ABC1,GB00B1VWPC84,CS,DB,444,107.24,28/09/2016,857.92,GBP,,,,,,40
trade_445,26/09/2016,11:03,ABC1,DE0001141745,CITI,CS,445,102.55,28/09/2016,205.1,EUR,,,,,,40
trade_446,26/09/2016,15:02,EFG3,IT0005188120,DB,CITI,446,101.69,28/09/2016,1525.35,EUR,,,,,,40
trade_447,29/09/2016,10:45,EFG3,GB00B1VWPC84,DB,CS,447,107.14,28/09/2016,964.26,GBP,,,,,,40
trade_448,29/09/2016,11:03,EFG3,DE0001141745,BAML,CITI,448,102.85,28/09/2016,308.55,EUR,,,,,,40
trade_449,26/09/2016,15:02,XYZ2,IT0005188120,CS,DB,449,101.159,28/09/2016,202.318,EUR,,,,,,40
trade_450,26/09/2016,10:45,HIJ4,IT0005188120,DB,DB,450,102.5912,27/09/2016,820.7296,GBP,,,,,,40
trade_451,29/09/2016,11:03,EFG3,GB00B1VWPC84,CITI,CS,451,102.429,30/09/2016,204.858,GBP,,,,,,40
trade_452,29/09/2016,15:02,ABC1,DE0001141745,DB,CITI,452,102.2668,30/09/2016,1534.002,EUR,,,,,,40
trade_453,26/09/2016,10:45,ABC1,IT0005188120,DB,DB,453,102.1046,27/09/2016,918.9414,EUR,,,,,,40
trade_454,26/09/2016,11:03,EFG3,IT0005188120,BAML,CS,454,101.9424,27/09/2016,305.8272,GBP,,,,,,40
trade_455,29/09/2016,15:02,ABC1,GB00B1VWPC84,BAML,CITI,455,101.7802,30/09/2016,661.5713,EUR,,,,,,40
trade_456,29/09/2016,10:45,EFG3,DE0001141745,DB,BAML,456,101.618,30/09/2016,630.0316,EUR,,,,,,40
trade_457,26/09/2016,11:03,ABC1,IT0005188120,CITI,DB,457,101.4558,27/09/2016,598.58922,EUR,,,,,,40
trade_458,26/09/2016,15:02,EFG3,IT0005188120,CITI,BAML,458,101.2936,27/09/2016,567.24416,EUR,,,,,,40
trade_459,29/09/2016,10:45,ABC1,GB00B1VWPC84,DB,CS,459,101.1314,30/09/2016,535.99642,EUR,,,,,,40
trade_460,29/09/2016,11:03,ABC1,DE0001141745,DB,BAML,460,100.9692,30/09/2016,504.846,EUR,,,,,,40
trade_461,29/09/2016,10:45,ABC1,GB00B1VWPC84,DB,CS,461,107.04,03/10/2016,1070.4,GBP,,,,,,40
trade_462,29/09/2016,11:03,ABC1,DE0001141745,CITI,CS,462,102.5,03/10/2016,512.5,EUR,,,,,,40
trade_463,26/09/2016,15:02,ABC1,IT0005188120,DB,CITI,463,101.59,28/09/2016,1219.08,EUR,,,,,,40
trade_464,26/09/2016,10:45,ABC1,GB00B1VWPC84,CS,DB,464,107.24,28/09/2016,857.92,GBP,,,,,,40
trade_465,26/09/2016,11:03,ABC1,DE0001141745,CITI,CS,465,102.55,28/09/2016,205.1,EUR,,,,,,40
trade_466,26/09/2016,15:02,EFG3,IT0005188120,DB,CITI,466,101.69,28/09/2016,1525.35,EUR,,,,,,40
trade_467,29/09/2016,10:45,EFG3,GB00B1VWPC84,DB,CS,467,107.14,28/09/2016,964.26,GBP,,,,,,40
trade_468,29/09/2016,11:03,EFG3,DE0001141745,BAML,CITI,468,102.85,28/09/2016,308.55,EUR,,,,,,40
trade_469,26/09/2016,15:02,XYZ2,IT0005188120,CS,DB,469,101.159,28/09/2016,202.318,EUR,,,,,,40
trade_470,26/09/2016,10:45,HIJ4,IT0005188120,DB,DB,470,102.5912,27/09/2016,820.7296,GBP,,,,,,40
trade_471,29/09/2016,11:03,EFG3,GB00B1VWPC84,CITI,CS,471,102.429,30/09/2016,204.858,GBP,,,,,,40
trade_472,29/09/2016,15:02,ABC1,DE0001141745,DB,CITI,472,102.2668,30/09/2016,1534.002,EUR,,,,,,40
trade_473,26/09/2016,10:45,ABC1,IT0005188120,DB,DB,473,102.1046,27/09/2016,918.9414,EUR,,,,,,40
trade_474,26/09/2016,11:03,EFG3,IT0005188120,BAML,CS,474,101.9424,27/09/2016,305.8272,GBP,,,,,,40
trade_475,29/09/2016,15:02,ABC1,GB00B1VWPC84,BAML,CITI,475,101.7802,30/09/2016,661.5713,EUR,,,,,,40
trade_476,29/09/2016,10:45,EFG3,DE0001141745,DB,BAML,476,101.618,30/09/2016,630.0316,EUR,,,,,,40
trade_477,26/09/2016,11:03,ABC1,IT0005188120,CITI,DB,477,101.4558,27/09/2016,598.58922,EUR,,,,,,40
trade_478,26/09/2016,15:02,EFG3,IT0005188120,CITI,BAML,478,101.2936,27/09/2016,567.24416,EUR,,,,,,40
trade_479,29/09/2016,10:45,ABC1,GB00B1VWPC84,DB,CS,479,101.1314,30/09/2016,535.99642,EUR,,,,,,40
trade_480,29/09/2016,11:03,ABC1,DE0001141745,DB,BAML,480,100.9692,30/09/2016,504.846,EUR,,,,,,40
trade_481,29/09/2016,10:45,ABC1,GB00B1VWPC84,DB,CS,481,107.04,03/10/2016,1070.4,GBP,,,,,,40
trade_482,29/09/2016,11:03,ABC1,DE0001141745,CITI,CS,482,102.5,03/10/2016,512.5,EUR,,,,,,40
trade_483,26/09/2016,15:02,ABC1,IT0005188120,DB,CITI,483,101.59,28/09/2016,1219.08,EUR,,,,,,40
trade_484,26/09/2016,10:45,ABC1,GB00B1VWPC84,CS,DB,484,107.24,28/09/2016,857.92,GBP,,,,,,40
trade_485,26/09/2016,11:03,ABC1,DE0001141745,CITI,CS,485,102.55,28/09/2016,205.1,EUR,,,,,,40
trade_486,26/09/2016,15:02,EFG3,IT0005188120,DB,CITI,486,101.69,28/09/2016,1525.35,EUR,,,,,,40
trade_487,29/09/2016,10:45,EFG3,GB00B1VWPC84,DB,CS,487,107.14,28/09/2016,964.26,GBP,,,,,,40
trade_488,29/09/2016,11:03,EFG3,DE0001141745,BAML,CITI,488,102.85,28/09/2016,308.55,EUR,,,,,,40
trade_489,26/09/2016,15:02,XYZ2,IT0005188120,CS,DB,489,101.159,28/09/2016,202.318,EUR,,,,,,40
trade_490,26/09/2016,10:45,HIJ4,IT0005188120,DB,CS,490,102.5912,27/09/2016,820.7296,GBP,,,,,,40
trade_491,29/09/2016,11:03,EFG3,GB00B1VWPC84,CITI,CS,491,102.429,30/09/2016,204.858,GBP,,,,,,40
trade_492,29/09/2016,15:02,ABC1,DE0001141745,DB,CITI,492,102.2668,30/09/2016,1534.002,EUR,,,,,,40
trade_493,26/09/2016,10:45,ABC1,IT0005188120,DB,CS,493,102.1046,27/09/2016,918.9414,EUR,,,,,,40
trade_494,26/09/2016,11:03,EFG3,IT0005188120,BAML,CS,494,101.9424,27/09/2016,305.8272,GBP,,,,,,40
trade_495,29/09/2016,15:02,ABC1,GB00B1VWPC84,BAML,CITI,495,101.7802,30/09/2016,661.5713,EUR,,,,,,40
trade_496,29/09/2016,10:45,EFG3,DE0001141745,DB,BAML,496,101.618,30/09/2016,630.0316,EUR,,,,,,40
trade_497,26/09/2016,11:03,ABC1,IT0005188120,CITI,DB,497,101.4558,27/09/2016,598.58922,EUR,,,,,,40
trade_498,26/09/2016,15:02,EFG3,IT0005188120,CITI,BAML,498,101.2936,27/09/2016,567.24416,EUR,,,,,,40
trade_499,29/09/2016,10:45,ABC1,GB00B1VWPC84,DB,CS,499,101.1314,30/09/2016,535.99642,EUR,,,,,,40
trade_500,29/09/2016,11:03,ABC1,DE0001141745,DB,BAML,500,100.9692,30/09/2016,504.846,EUR,,,,,,50
trade_501,29/09/2016,10:45,ABC1,GB00B1VWPC84,DB,CS,501,107.04,03/10/2016,1070.4,GBP,,,,,,50
trade_502,29/09/2016,11:03,ABC1,DE0001141745,CITI,CS,502,102.5,03/10/2016,512.5,EUR,,,,,,50
trade_503,26/09/2016,15:02,ABC1,IT0005188120,DB,CITI,503,101.59,28/09/2016,1219.08,EUR,,,,,,50
trade_504,26/09/2016,10:45,ABC1,GB00B1VWPC84,CS,DB,504,107.24,28/09/2016,857.92,GBP,,,,,,50
trade_505,26/09/2016,11:03,ABC1,DE0001141745,CITI,CS,505,102.55,28/09/2016,205.1,EUR,,,,,,50
trade_506,26/09/2016,15:02,EFG3,IT0005188120,DB,CITI,506,101.69,28/09/2016,1525.35,EUR,,,,,,50
trade_507,29/09/2016,10:45,EFG3,GB00B1VWPC84,DB,CS,507,107.14,28/09/2016,964.26,GBP,,,,,,50
trade_508,29/09/2016,11:03,EFG3,DE0001141745,BAML,CITI,508,102.85,28/09/2016,308.55,EUR,,,,,,50
trade_509,26/09/2016,15:02,XYZ2,IT0005188120,CS,DB,509,101.159,28/09/2016,202.318,EUR,,,,,,50
trade_510,26/09/2016,10:45,HIJ4,IT0005188120,DB,DB,510,102.5912,27/09/2016,820.7296,GBP,,,,,,50
trade_511,29/09/2016,11:03,EFG3,GB00B1VWPC84,CITI,CS,511,102.429,30/09/2016,204.858,GBP,,,,,,50
trade_512,29/09/2016,15:02,ABC1,DE0001141745,DB,CITI,512,102.2668,30/09/2016,1534.002,EUR,,,,,,50
trade_513,26/09/2016,10:45,ABC1,IT0005188120,DB,DB,513,102.1046,27/09/2016,918.9414,EUR,,,,,,50
trade_514,26/09/2016,11:03,EFG3,IT0005188120,BAML,CS,514,101.9424,27/09/2016,305.8272,GBP,,,,,,50
trade_515,29/09/2016,15:02,ABC1,GB00B1VWPC84,BAML,CITI,515,101.7802,30/09/2016,661.5713,EUR,,,,,,50
trade_516,29/09/2016,10:45,EFG3,DE0001141745,DB,BAML,516,101.618,30/09/2016,630.0316,EUR,,,,,,50
trade_517,26/09/2016,11:03,ABC1,IT0005188120,CITI,DB,517,101.4558,27/09/2016,598.58922,EUR,,,,,,50
trade_518,26/09/2016,15:02,EFG3,IT0005188120,CITI,BAML,518,101.2936,27/09/2016,567.24416,EUR,,,,,,50
trade_519,29/09/2016,10:45,ABC1,GB00B1VWPC84,DB,CS,519,101.1314,30/09/2016,535.99642,EUR,,,,,,50
trade_520,29/09/2016,11:03,ABC1,DE0001141745,DB,BAML,520,100.9692,30/09/2016,504.846,EUR,,,,,,50
trade_521,29/09/2016,10:45,ABC1,GB00B1VWPC84,DB,CS,521,107.04,03/10/2016,1070.4,GBP,,,,,,50
trade_522,29/09/2016,11:03,ABC1,DE0001141745,CITI,CS,522,102.5,03/10/2016,512.5,EUR,,,,,,50
trade_523,26/09/2016,15:02,ABC1,IT0005188120,DB,CITI,523,101.59,28/09/2016,1219.08,EUR,,,,,,50
trade_524,26/09/2016,10:45,ABC1,GB00B1VWPC84,CS,DB,524,107.24,28/09/2016,857.92,GBP,,,,,,50
trade_525,26/09/2016,11:03,ABC1,DE0001141745,CITI,CS,525,102.55,28/09/2016,205.1,EUR,,,,,,50
trade_526,26/09/2016,15:02,EFG3,IT0005188120,DB,CITI,526,101.69,28/09/2016,1525.35,EUR,,,,,,50
trade_527,29/09/2016,10:45,EFG3,GB00B1VWPC84,DB,CS,527,107.14,28/09/2016,964.26,GBP,,,,,,50
trade_528,29/09/2016,11:03,EFG3,DE0001141745,BAML,CITI,528,102.85,28/09/2016,308.55,EUR,,,,,,50
trade_529,26/09/2016,15:02,XYZ2,IT0005188120,CS,DB,529,101.159,28/09/2016,202.318,EUR,,,,,,50
trade_530,26/09/2016,10:45,HIJ4,IT0005188120,DB,DB,530,102.5912,27/09/2016,820.7296,GBP,,,,,,50
trade_531,29/09/2016,11:03,EFG3,GB00B1VWPC84,CITI,CS,531,102.429,30/09/2016,204.858,GBP,,,,,,50
trade_532,29/09/2016,15:02,ABC1,DE0001141745,DB,CITI,532,102.2668,30/09/2016,1534.002,EUR,,,,,,50
trade_533,26/09/2016,10:45,ABC1,IT0005188120,DB,DB,533,102.1046,27/09/2016,918.9414,EUR,,,,,,50
trade_534,26/09/2016,11:03,EFG3,IT0005188120,BAML,CS,534,101.9424,27/09/2016,305.8272,GBP,,,,,,50
trade_535,29/09/2016,15:02,ABC1,GB00B1VWPC84,BAML,CITI,535,101.7802,30/09/2016,661.5713,EUR,,,,,,50
trade_536,29/09/2016,10:45,EFG3,DE0001141745,DB,BAML,536,101.618,30/09/2016,630.0316,EUR,,,,,,50
trade_537,26/09/2016,11:03,ABC1,IT0005188120,CITI,DB,537,101.4558,27/09/2016,598.58922,EUR,,,,,,50
trade_538,26/09/2016,15:02,EFG3,IT0005188120,CITI,BAML,538,101.2936,27/09/2016,567.24416,EUR,,,,,,50
trade_539,29/09/2016,10:45,ABC1,GB00B1VWPC84,DB,CS,539,101.1314,30/09/2016,535.99642,EUR,,,,,,50
trade_540,29/09/2016,11:03,ABC1,DE0001141745,DB,BAML,540,100.9692,30/09/2016,504.846,EUR,,,,,,50
trade_541,29/09/2016,10:45,ABC1,GB00B1VWPC84,DB,CS,541,107.04,03/10/2016,1070.4,GBP,,,,,,50
trade_542,29/09/2016,11:03,ABC1,DE0001141745,CITI,CS,542,102.5,03/10/2016,512.5,EUR,,,,,,50
trade_543,26/09/2016,15:02,ABC1,IT0005188120,DB,CITI,543,101.59,28/09/2016,1219.08,EUR,,,,,,50
trade_544,26/09/2016,10:45,ABC1,GB00B1VWPC84,CS,DB,544,107.24,28/09/2016,857.92,GBP,,,,,,50
trade_545,26/09/2016,11:03,ABC1,DE0001141745,CITI,CS,545,102.55,28/09/2016,205.1,EUR,,,,,,50
trade_546,26/09/2016,15:02,EFG3,IT0005188120,DB,CITI,546,101.69,28/09/2016,1525.35,EUR,,,,,,50
trade_547,29/09/2016,10:45,EFG3,GB00B1VWPC84,DB,CS,547,107.14,28/09/2016,964.26,GBP,,,,,,50
trade_548,29/09/2016,11:03,EFG3,DE0001141745,BAML,CITI,548,102.85,28/09/2016,308.55,EUR,,,,,,50
trade_549,26/09/2016,15:02,XYZ2,IT0005188120,CS,DB,549,101.159,28/09/2016,202.318,EUR,,,,,,50
trade_550,26/09/2016,10:45,HIJ4,IT0005188120,DB,DB,550,102.5912,27/09/2016,820.7296,GBP,,,,,,50
trade_551,29/09/2016,11:03,EFG3,GB00B1VWPC84,CITI,CS,551,102.429,30/09/2016,204.858,GBP,,,,,,50
trade_552,29/09/2016,15:02,ABC1,DE0001141745,DB,CITI,552,102.2668,30/09/2016,1534.002,EUR,,,,,,50
trade_553,26/09/2016,10:45,ABC1,IT0005188120,DB,DB,553,102.1046,27/09/2016,918.9414,EUR,,,,,,50
trade_554,26/09/2016,11:03,EFG3,IT0005188120,BAML,CS,554,101.9424,27/09/2016,305.8272,GBP,,,,,,50
trade_555,29/09/2016,15:02,ABC1,GB00B1VWPC84,BAML,CITI,555,101.7802,30/09/2016,661.5713,EUR,,,,,,50
trade_556,29/09/2016,10:45,EFG3,DE0001141745,DB,BAML,556,101.618,30/09/2016,630.0316,EUR,,,,,,50
trade_557,26/09/2016,11:03,ABC1,IT0005188120,CITI,DB,557,101.4558,27/09/2016,598.58922,EUR,,,,,,50
trade_558,26/09/2016,15:02,EFG3,IT0005188120,CITI,BAML,558,101.2936,27/09/2016,567.24416,EUR,,,,,,50
trade_559,29/09/2016,10:45,ABC1,GB00B1VWPC84,DB,CS,559,101.1314,30/09/2016,535.99642,EUR,,,,,,50
trade_560,29/09/2016,11:03,ABC1,DE0001141745,DB,BAML,560,100.9692,30/09/2016,504.846,EUR,,,,,,50
trade_561,29/09/2016,10:45,ABC1,GB00B1VWPC84,DB,CS,561,107.04,03/10/2016,1070.4,GBP,,,,,,50
trade_562,29/09/2016,11:03,ABC1,DE0001141745,CITI,CS,562,102.5,03/10/2016,512.5,EUR,,,,,,50
trade_563,26/09/2016,15:02,ABC1,IT0005188120,DB,CITI,563,101.59,28/09/2016,1219.08,EUR,,,,,,50
trade_564,26/09/2016,10:45,ABC1,GB00B1VWPC84,CS,DB,564,107.24,28/09/2016,857.92,GBP,,,,,,50
trade_565,26/09/2016,11:03,ABC1,DE0001141745,CITI,CS,565,102.55,28/09/2016,205.1,EUR,,,,,,50
trade_566,26/09/2016,15:02,EFG3,IT0005188120,DB,CITI,566,101.69,28/09/2016,1525.35,EUR,,,,,,50
trade_567,29/09/2016,10:45,EFG3,GB00B1VWPC84,DB,CS,567,107.14,28/09/2016,964.26,GBP,,,,,,50
trade_568,29/09/2016,11:03,EFG3,DE0001141745,BAML,CITI,568,102.85,28/09/2016,308.55,EUR,,,,,,50
trade_569,26/09/2016,15:02,XYZ2,IT0005188120,CS,DB,569,101.159,28/09/2016,202.318,EUR,,,,,,50
trade_570,26/09/2016,10:45,HIJ4,IT0005188120,DB,DB,570,102.5912,27/09/2016,820.7296,GBP,,,,,,50
trade_571,29/09/2016,11:03,EFG3,GB00B1VWPC84,CITI,CS,571,102.429,30/09/2016,204.858,GBP,,,,,,50
trade_572,29/09/2016,15:02,ABC1,DE0001141745,DB,CITI,572,102.2668,30/09/2016,1534.002,EUR,,,,,,50
trade_573,26/09/2016,10:45,ABC1,IT0005188120,DB,DB,573,102.1046,27/09/2016,918.9414,EUR,,,,,,50
trade_574,26/09/2016,11:03,EFG3,IT0005188120,BAML,CS,574,101.9424,27/09/2016,305.8272,GBP,,,,,,50
trade_575,29/09/2016,15:02,ABC1,GB00B1VWPC84,BAML,CITI,575,101.7802,30/09/2016,661.5713,EUR,,,,,,50
trade_576,29/09/2016,10:45,EFG3,DE0001141745,DB,BAML,576,101.618,30/09/2016,630.0316,EUR,,,,,,50
trade_577,26/09/2016,11:03,ABC1,IT0005188120,CITI,DB,577,101.4558,27/09/2016,598.58922,EUR,,,,,,50
trade_578,26/09/2016,15:02,EFG3,IT0005188120,CITI,BAML,578,101.2936,27/09/2016,567.24416,EUR,,,,,,50
trade_579,29/09/2016,10:45,ABC1,GB00B1VWPC84,DB,CS,579,101.1314,30/09/2016,535.99642,EUR,,,,,,50
trade_580,29/09/2016,11:03,ABC1,DE0001141745,DB,BAML,580,100.9692,30/09/2016,504.846,EUR,,,,,,50
trade_581,29/09/2016,10:45,ABC1,GB00B1VWPC84,DB,CS,581,107.04,03/10/2016,1070.4,GBP,,,,,,50
trade_582,29/09/2016,11:03,ABC1,DE0001141745,CITI,CS,582,102.5,03/10/2016,512.5,EUR,,,,,,50
trade_583,26/09/2016,15:02,ABC1,IT0005188120,DB,CITI,583,101.59,28/09/2016,1219.08,EUR,,,,,,50
trade_584,26/09/2016,10:45,ABC1,GB00B1VWPC84,CS,DB,584,107.24,28/09/2016,857.92,GBP,,,,,,50
trade_585,26/09/2016,11:03,ABC1,DE0001141745,CITI,CS,585,102.55,28/09/2016,205.1,EUR,,,,,,50
trade_586,26/09/2016,15:02,EFG3,IT0005188120,DB,CITI,586,101.69,28/09/2016,1525.35,EUR,,,,,,50
trade_587,29/09/2016,10:45,EFG3,GB00B1VWPC84,DB,CS,587,107.14,28/09/2016,964.26,GBP,,,,,,50
trade_588,29/09/2016,11:03,EFG3,DE0001141745,BAML,CITI,588,102.85,28/09/2016,308.55,EUR,,,,,,50
trade_589,26/09/2016,15:02,XYZ2,IT0005188120,CS,DB,589,101.159,28/09/2016,202.318,EUR,,,,,,50
trade_590,26/09/2016,10:45,HIJ4,IT0005188120,DB,CS,590,102.5912,27/09/2016,820.7296,GBP,,,,,,50
trade_591,29/09/2016,11:03,EFG3,GB00B1VWPC84,CITI,CS,591,102.429,30/09/2016,204.858,GBP,,,,,,50
trade_592,29/09/2016,15:02,ABC1,DE0001141745,DB,CITI,592,102.2668,30/09/2016,1534.002,EUR,,,,,,50
trade_593,26/09/2016,10:45,ABC1,IT0005188120,DB,CS,593,102.1046,27/09/2016,918.9414,EUR,,,,,,50
trade_594,26/09/2016,11:03,EFG3,IT0005188120,BAML,CS,594,101.9424,27/09/2016,305.8272,GBP,,,,,,50
trade_595,29/09/2016,15:02,ABC1,GB00B1VWPC84,BAML,CITI,595,101.7802,30/09/2016,661.5713,EUR,,,,,,50
trade_596,29/09/2016,10:45,EFG3,DE0001141745,DB,BAML,596,101.618,30/09/2016,630.0316,EUR,,,,,,50
trade_597,26/09/2016,11:03,ABC1,IT0005188120,CITI,DB,597,101.4558,27/09/2016,598.58922,EUR,,,,,,50
trade_598,26/09/2016,15:02,EFG3,IT0005188120,CITI,BAML,598,101.2936,27/09/2016,567.24416,EUR,,,,,,50
trade_599,29/09/2016,10:45,ABC1,GB00B1VWPC84,DB,CS,599,101.1314,30/09/2016,535.99642,EUR,,,,,,50
trade_600,29/09/2016,11:03,ABC1,DE0001141745,DB,BAML,600,100.9692,30/09/2016,504.846,EUR,,,,,,60
trade_601,29/09/2016,10:45,ABC1,GB00B1VWPC84,DB,CS,601,107.04,03/10/2016,1070.4,GBP,,,,,,60
trade_602,29/09/2016,11:03,ABC1,DE0001141745,CITI,CS,602,102.5,03/10/2016,512.5,EUR,,,,,,60
trade_603,26/09/2016,15:02,ABC1,IT0005188120,DB,CITI,603,101.59,28/09/2016,1219.08,EUR,,,,,,60
trade_604,26/09/2016,10:45,ABC1,GB00B1VWPC84,CS,DB,604,107.24,28/09/2016,857.92,GBP,,,,,,60
trade_605,26/09/2016,11:03,ABC1,DE0001141745,CITI,CS,605,102.55,28/09/2016,205.1,EUR,,,,,,60
trade_606,26/09/2016,15:02,EFG3,IT0005188120,DB,CITI,606,101.69,28/09/2016,1525.35,EUR,,,,,,60
trade_607,29/09/2016,10:45,EFG3,GB00B1VWPC84,DB,CS,607,107.14,28/09/2016,964.26,GBP,,,,,,60
trade_608,29/09/2016,11:03,EFG3,DE0001141745,BAML,CITI,608,102.85,28/09/2016,308.55,EUR,,,,,,60
trade_609,26/09/2016,15:02,XYZ2,IT0005188120,CS,DB,609,101.159,28/09/2016,202.318,EUR,,,,,,60
trade_610,26/09/2016,10:45,HIJ4,IT0005188120,DB,DB,610,102.5912,27/09/2016,820.7296,GBP,,,,,,60
trade_611,29/09/2016,11:03,EFG3,GB00B1VWPC84,CITI,CS,611,102.429,30/09/2016,204.858,GBP,,,,,,60
trade_612,29/09/2016,15:02,ABC1,DE0001141745,DB,CITI,612,102.2668,30/09/2016,1534.002,EUR,,,,,,60
trade_613,26/09/2016,10:45,ABC1,IT0005188120,DB,DB,613,102.1046,27/09/2016,918.9414,EUR,,,,,,60
trade_614,26/09/2016,11:03,EFG3,IT0005188120,BAML,CS,614,101.9424,27/09/2016,305.8272,GBP,,,,,,60
trade_615,29/09/2016,15:02,ABC1,GB00B1VWPC84,BAML,CITI,615,101.7802,30/09/2016,661.5713,EUR,,,,,,60
trade_616,29/09/2016,10:45,EFG3,DE0001141745,DB,BAML,616,101.618,30/09/2016,630.0316,EUR,,,,,,60
trade_617,26/09/2016,11:03,ABC1,IT0005188120,CITI,DB,617,101.4558,27/09/2016,598.58922,EUR,,,,,,60
trade_618,26/09/2016,15:02,EFG3,IT0005188120,CITI,BAML,618,101.2936,27/09/2016,567.24416,EUR,,,,,,60
trade_619,29/09/2016,10:45,ABC1,GB00B1VWPC84,DB,CS,619,101.1314,30/09/2016,535.99642,EUR,,,,,,60
trade_620,29/09/2016,11:03,ABC1,DE0001141745,DB,BAML,620,100.9692,30/09/2016,504.846,EUR,,,,,,60
trade_621,29/09/2016,10:45,ABC1,GB00B1VWPC84,DB,CS,621,107.04,03/10/2016,1070.4,GBP,,,,,,60
trade_622,29/09/2016,11:03,ABC1,DE0001141745,CITI,CS,622,102.5,03/10/2016,512.5,EUR,,,,,,60
trade_623,26/09/2016,15:02,ABC1,IT0005188120,DB,CITI,623,101.59,28/09/2016,1219.08,EUR,,,,,,60
trade_624,26/09/2016,10:45,ABC1,GB00B1VWPC84,CS,DB,624,107.24,28/09/2016,857.92,GBP,,,,,,60
trade_625,26/09/2016,11:03,ABC1,DE0001141745,CITI,CS,625,102.55,28/09/2016,205.1,EUR,,,,,,60
trade_626,26/09/2016,15:02,EFG3,IT0005188120,DB,CITI,626,101.69,28/09/2016,1525.35,EUR,,,,,,60
trade_627,29/09/2016,10:45,EFG3,GB00B1VWPC84,DB,CS,627,107.14,28/09/2016,964.26,GBP,,,,,,60
trade_628,29/09/2016,11:03,EFG3,DE0001141745,BAML,CITI,628,102.85,28/09/2016,308.55,EUR,,,,,,60
trade_629,26/09/2016,15:02,XYZ2,IT0005188120,CS,DB,629,101.159,28/09/2016,202.318,EUR,,,,,,60
trade_630,26/09/2016,10:45,HIJ4,IT0005188120,DB,DB,630,102.5912,27/09/2016,820.7296,GBP,,,,,,60
trade_631,29/09/2016,11:03,EFG3,GB00B1VWPC84,CITI,CS,631,102.429,30/09/2016,204.858,GBP,,,,,,60
trade_632,29/09/2016,15:02,ABC1,DE0001141745,DB,CITI,632,102.2668,30/09/2016,1534.002,EUR,,,,,,60
trade_633,26/09/2016,10:45,ABC1,IT0005188120,DB,DB,633,102.1046,27/09/2016,918.9414,EUR,,,,,,60
trade_634,26/09/2016,11:03,EFG3,IT0005188120,BAML,CS,634,101.9424,27/09/2016,305.8272,GBP,,,,,,60
trade_635,29/09/2016,15:02,ABC1,GB00B1VWPC84,BAML,CITI,635,101.7802,30/09/2016,661.5713,EUR,,,,,,60
trade_636,29/09/2016,10:45,EFG3,DE0001141745,DB,BAML,636,101.618,30/09/2016,630.0316,EUR,,,,,,60
trade_637,26/09/2016,11:03,ABC1,IT0005188120,CITI,DB,637,101.4558,27/09/2016,598.58922,EUR,,,,,,60
trade_638,26/09/2016,15:02,EFG3,IT0005188120,CITI,BAML,638,101.2936,27/09/2016,567.24416,EUR,,,,,,60
trade_639,29/09/2016,10:45,ABC1,GB00B1VWPC84,DB,CS,639,101.1314,30/09/2016,535.99642,EUR,,,,,,60
trade_640,29/09/2016,11:03,ABC1,DE0001141745,DB,BAML,640,100.9692,30/09/2016,504.846,EUR,,,,,,60
trade_641,29/09/2016,10:45,ABC1,GB00B1VWPC84,DB,CS,641,107.04,03/10/2016,1070.4,GBP,,,,,,60
trade_642,29/09/2016,11:03,ABC1,DE0001141745,CITI,CS,642,102.5,03/10/2016,512.5,EUR,,,,,,60
trade_643,26/09/2016,15:02,ABC1,IT0005188120,DB,CITI,643,101.59,28/09/2016,1219.08,EUR,,,,,,60
trade_644,26/09/2016,10:45,ABC1,GB00B1VWPC84,CS,DB,644,107.24,28/09/2016,857.92,GBP,,,,,,60
trade_645,26/09/2016,11:03,ABC1,DE0001141745,CITI,CS,645,102.55,28/09/2016,205.1,EUR,,,,,,60
trade_646,26/09/2016,15:02,EFG3,IT0005188120,DB,CITI,646,101.69,28/09/2016,1525.35,EUR,,,,,,60
trade_647,29/09/2016,10:45,EFG3,GB00B1VWPC84,DB,CS,647,107.14,28/09/2016,964.26,GBP,,,,,,60
trade_648,29/09/2016,11:03,EFG3,DE0001141745,BAML,CITI,648,102.85,28/09/2016,308.55,EUR,,,,,,60
trade_649,26/09/2016,15:02,XYZ2,IT0005188120,CS,DB,649,101.159,28/09/2016,202.318,EUR,,,,,,60
trade_650,26/09/2016,10:45,HIJ4,IT0005188120,DB,DB,650,102.5912,27/09/2016,820.7296,GBP,,,,,,60
trade_651,29/09/2016,11:03,EFG3,GB00B1VWPC84,CITI,CS,651,102.429,30/09/2016,204.858,GBP,,,,,,60
trade_652,29/09/2016,15:02,ABC1,DE0001141745,DB,CITI,652,102.2668,30/09/2016,1534.002,EUR,,,,,,60
trade_653,26/09/2016,10:45,ABC1,IT0005188120,DB,DB,653,102.1046,27/09/2016,918.9414,EUR,,,,,,60
trade_654,26/09/2016,11:03,EFG3,IT0005188120,BAML,CS,654,101.9424,27/09/2016,305.8272,GBP,,,,,,60
trade_655,29/09/2016,15:02,ABC1,GB00B1VWPC84,BAML,CITI,655,101.7802,30/09/2016,661.5713,EUR,,,,,,60
trade_656,29/09/2016,10:45,EFG3,DE0001141745,DB,BAML,656,101.618,30/09/2016,630.0316,EUR,,,,,,60
trade_657,26/09/2016,11:03,ABC1,IT0005188120,CITI,DB,657,101.4558,27/09/2016,598.58922,EUR,,,,,,60
trade_658,26/09/2016,15:02,EFG3,IT0005188120,CITI,BAML,658,101.2936,27/09/2016,567.24416,EUR,,,,,,60
trade_659,29/09/2016,10:45,ABC1,GB00B1VWPC84,DB,CS,659,101.1314,30/09/2016,535.99642,EUR,,,,,,60
trade_660,29/09/2016,11:03,ABC1,DE0001141745,DB,BAML,660,100.9692,30/09/2016,504.846,EUR,,,,,,60
trade_661,29/09/2016,10:45,ABC1,GB00B1VWPC84,DB,CS,661,107.04,03/10/2016,1070.4,GBP,,,,,,60
trade_662,29/09/2016,11:03,ABC1,DE0001141745,CITI,CS,662,102.5,03/10/2016,512.5,EUR,,,,,,60
trade_663,26/09/2016,15:02,ABC1,IT0005188120,DB,CITI,663,101.59,28/09/2016,1219.08,EUR,,,,,,60
trade_664,26/09/2016,10:45,ABC1,GB00B1VWPC84,CS,DB,664,107.24,28/09/2016,857.92,GBP,,,,,,60
trade_665,26/09/2016,11:03,ABC1,DE0001141745,CITI,CS,665,102.55,28/09/2016,205.1,EUR,,,,,,60
trade_666,26/09/2016,15:02,EFG3,IT0005188120,DB,CITI,666,101.69,28/09/2016,1525.35,EUR,,,,,,60
trade_667,29/09/2016,10:45,EFG3,GB00B1VWPC84,DB,CS,667,107.14,28/09/2016,964.26,GBP,,,,,,60
trade_668,29/09/2016,11:03,EFG3,DE0001141745,BAML,CITI,668,102.85,28/09/2016,308.55,EUR,,,,,,60
trade_669,26/09/2016,15:02,XYZ2,IT0005188120,CS,DB,669,101.159,28/09/2016,202.318,EUR,,,,,,60
trade_670,26/09/2016,10:45,HIJ4,IT0005188120,DB,DB,670,102.5912,27/09/2016,820.7296,GBP,,,,,,60
trade_671,29/09/2016,11:03,EFG3,GB00B1VWPC84,CITI,CS,671,102.429,30/09/2016,204.858,GBP,,,,,,60
trade_672,29/09/2016,15:02,ABC1,DE0001141745,DB,CITI,672,102.2668,30/09/2016,1534.002,EUR,,,,,,60
trade_673,26/09/2016,10:45,ABC1,IT0005188120,DB,DB,673,102.1046,27/09/2016,918.9414,EUR,,,,,,60
trade_674,26/09/2016,11:03,EFG3,IT0005188120,BAML,CS,674,101.9424,27/09/2016,305.8272,GBP,,,,,,60
trade_675,29/09/2016,15:02,ABC1,GB00B1VWPC84,BAML,CITI,675,101.7802,30/09/2016,661.5713,EUR,,,,,,60
trade_676,29/09/2016,10:45,EFG3,DE0001141745,DB,BAML,676,101.618,30/09/2016,630.0316,EUR,,,,,,60
trade_677,26/09/2016,11:03,ABC1,IT0005188120,CITI,DB,677,101.4558,27/09/2016,598.58922,EUR,,,,,,60
trade_678,26/09/2016,15:02,EFG3,IT0005188120,CITI,BAML,678,101.2936,27/09/2016,567.24416,EUR,,,,,,60
trade_679,29/09/2016,10:45,ABC1,GB00B1VWPC84,DB,CS,679,101.1314,30/09/2016,535.99642,EUR,,,,,,60
trade_680,29/09/2016,11:03,ABC1,DE0001141745,DB,BAML,680,100.9692,30/09/2016,504.846,EUR,,,,,,60
trade_681,29/09/2016,10:45,ABC1,GB00B1VWPC84,DB,CS,681,107.04,03/10/2016,1070.4,GBP,,,,,,60
trade_682,29/09/2016,11:03,ABC1,DE0001141745,CITI,CS,682,102.5,03/10/2016,512.5,EUR,,,,,,60
trade_683,26/09/2016,15:02,ABC1,IT0005188120,DB,CITI,683,101.59,28/09/2016,1219.08,EUR,,,,,,60
trade_684,26/09/2016,10:45,ABC1,GB00B1VWPC84,CS,DB,684,107.24,28/09/2016,857.92,GBP,,,,,,60
trade_685,26/09/2016,11:03,ABC1,DE0001141745,CITI,CS,685,102.55,28/09/2016,205.1,EUR,,,,,,60
trade_686,26/09/2016,15:02,EFG3,IT0005188120,DB,CITI,686,101.69,28/09/2016,1525.35,EUR,,,,,,60
trade_687,29/09/2016,10:45,EFG3,GB00B1VWPC84,DB,CS,687,107.14,28/09/2016,964.26,GBP,,,,,,60
trade_688,29/09/2016,11:03,EFG3,DE0001141745,BAML,CITI,688,102.85,28/09/2016,308.55,EUR,,,,,,60
trade_689,26/09/2016,15:02,XYZ2,IT0005188120,CS,DB,689,101.159,28/09/2016,202.318,EUR,,,,,,60
trade_690,26/09/2016,10:45,HIJ4,IT0005188120,DB,CS,690,102.5912,27/09/2016,820.7296,GBP,,,,,,60
trade_691,29/09/2016,11:03,EFG3,GB00B1VWPC84,CITI,CS,691,102.429,30/09/2016,204.858,GBP,,,,,,60
trade_692,29/09/2016,15:02,ABC1,DE0001141745,DB,CITI,692,102.2668,30/09/2016,1534.002,EUR,,,,,,60
trade_693,26/09/2016,10:45,ABC1,IT0005188120,DB,CS,693,102.1046,27/09/2016,918.9414,EUR,,,,,,60
trade_694,26/09/2016,11:03,EFG3,IT0005188120,BAML,CS,694,101.9424,27/09/2016,305.8272,GBP,,,,,,60
trade_695,29/09/2016,15:02,ABC1,GB00B1VWPC84,BAML,CITI,695,101.7802,30/09/2016,661.5713,EUR,,,,,,60
trade_696,29/09/2016,10:45,EFG3,DE0001141745,DB,BAML,696,101.618,30/09/2016,630.0316,EUR,,,,,,60
trade_697,26/09/2016,11:03,ABC1,IT0005188120,CITI,DB,697,101.4558,27/09/2016,598.58922,EUR,,,,,,60
trade_698,26/09/2016,15:02,EFG3,IT0005188120,CITI,BAML,698,101.2936,27/09/2016,567.24416,EUR,,,,,,60
trade_699,29/09/2016,10:45,ABC1,GB00B1VWPC84,DB,CS,699,101.1314,30/09/2016,535.99642,EUR,,,,,,60
trade_700,29/09/2016,11:03,ABC1,DE0001141745,DB,BAML,700,100.9692,30/09/2016,504.846,EUR,,,,,,70
trade_701,29/09/2016,10:45,ABC1,GB00B1VWPC84,DB,CS,701,107.04,03/10/2016,1070.4,GBP,,,,,,70
trade_702,29/09/2016,11:03,ABC1,DE0001141745,CITI,CS,702,102.5,03/10/2016,512.5,EUR,,,,,,70
trade_703,26/09/2016,15:02,ABC1,IT0005188120,DB,CITI,703,101.59,28/09/2016,1219.08,EUR,,,,,,70
trade_704,26/09/2016,10:45,ABC1,GB00B1VWPC84,CS,DB,704,107.24,28/09/2016,857.92,GBP,,,,,,70
trade_705,26/09/2016,11:03,ABC1,DE0001141745,CITI,CS,705,102.55,28/09/2016,205.1,EUR,,,,,,70
trade_706,26/09/2016,15:02,EFG3,IT0005188120,DB,CITI,706,101.69,28/09/2016,1525.35,EUR,,,,,,70
trade_707,29/09/2016,10:45,EFG3,GB00B1VWPC84,DB,CS,707,107.14,28/09/2016,964.26,GBP,,,,,,70
trade_708,29/09/2016,11:03,EFG3,DE0001141745,BAML,CITI,708,102.85,28/09/2016,308.55,EUR,,,,,,70
trade_709,26/09/2016,15:02,XYZ2,IT0005188120,CS,DB,709,101.159,28/09/2016,202.318,EUR,,,,,,70
trade_710,26/09/2016,10:45,HIJ4,IT0005188120,DB,DB,710,102.5912,27/09/2016,820.7296,GBP,,,,,,70
trade_711,29/09/2016,11:03,EFG3,GB00B1VWPC84,CITI,CS,711,102.429,30/09/2016,204.858,GBP,,,,,,70
trade_712,29/09/2016,15:02,ABC1,DE0001141745,DB,CITI,712,102.2668,30/09/2016,1534.002,EUR,,,,,,70
trade_713,26/09/2016,10:45,ABC1,IT0005188120,DB,DB,713,102.1046,27/09/2016,918.9414,EUR,,,,,,70
trade_714,26/09/2016,11:03,EFG3,IT0005188120,BAML,CS,714,101.9424,27/09/2016,305.8272,GBP,,,,,,70
trade_715,29/09/2016,15:02,ABC1,GB00B1VWPC84,BAML,CITI,715,101.7802,30/09/2016,661.5713,EUR,,,,,,70
trade_716,29/09/2016,10:45,EFG3,DE0001141745,DB,BAML,716,101.618,30/09/2016,630.0316,EUR,,,,,,70
trade_717,26/09/2016,11:03,ABC1,IT0005188120,CITI,DB,717,101.4558,27/09/2016,598.58922,EUR,,,,,,70
trade_718,26/09/2016,15:02,EFG3,IT0005188120,CITI,BAML,718,101.2936,27/09/2016,567.24416,EUR,,,,,,70
trade_719,29/09/2016,10:45,ABC1,GB00B1VWPC84,DB,CS,719,101.1314,30/09/2016,535.99642,EUR,,,,,,70
trade_720,29/09/2016,11:03,ABC1,DE0001141745,DB,BAML,720,100.9692,30/09/2016,504.846,EUR,,,,,,70
trade_721,29/09/2016,10:45,ABC1,GB00B1VWPC84,DB,CS,721,107.04,03/10/2016,1070.4,GBP,,,,,,70
trade_722,29/09/2016,11:03,ABC1,DE0001141745,CITI,CS,722,102.5,03/10/2016,512.5,EUR,,,,,,70
trade_723,26/09/2016,15:02,ABC1,IT0005188120,DB,CITI,723,101.59,28/09/2016,1219.08,EUR,,,,,,70
trade_724,26/09/2016,10:45,ABC1,GB00B1VWPC84,CS,DB,724,107.24,28/09/2016,857.92,GBP,,,,,,70
trade_725,26/09/2016,11:03,ABC1,DE0001141745,CITI,CS,725,102.55,28/09/2016,205.1,EUR,,,,,,70
trade_726,26/09/2016,15:02,EFG3,IT0005188120,DB,CITI,726,101.69,28/09/2016,1525.35,EUR,,,,,,70
trade_727,29/09/2016,10:45,EFG3,GB00B1VWPC84,DB,CS,727,107.14,28/09/2016,964.26,GBP,,,,,,70
trade_728,29/09/2016,11:03,EFG3,DE0001141745,BAML,CITI,728,102.85,28/09/2016,308.55,EUR,,,,,,70
trade_729,26/09/2016,15:02,XYZ2,IT0005188120,CS,DB,729,101.159,28/09/2016,202.318,EUR,,,,,,70
trade_730,26/09/2016,10:45,HIJ4,IT0005188120,DB,DB,730,102.5912,27/09/2016,820.7296,GBP,,,,,,70
trade_731,29/09/2016,11:03,EFG3,GB00B1VWPC84,CITI,CS,731,102.429,30/09/2016,204.858,GBP,,,,,,70
trade_732,29/09/2016,15:02,ABC1,DE0001141745,DB,CITI,732,102.2668,30/09/2016,1534.002,EUR,,,,,,70
trade_733,26/09/2016,10:45,ABC1,IT0005188120,DB,DB,733,102.1046,27/09/2016,918.9414,EUR,,,,,,70
trade_734,26/09/2016,11:03,EFG3,IT0005188120,BAML,CS,734,101.9424,27/09/2016,305.8272,GBP,,,,,,70
trade_735,29/09/2016,15:02,ABC1,GB00B1VWPC84,BAML,CITI,735,101.7802,30/09/2016,661.5713,EUR,,,,,,70
trade_736,29/09/2016,10:45,EFG3,DE0001141745,DB,BAML,736,101.618,30/09/2016,630.0316,EUR,,,,,,70
trade_737,26/09/2016,11:03,ABC1,IT0005188120,CITI,DB,737,101.4558,27/09/2016,598.58922,EUR,,,,,,70
trade_738,26/09/2016,15:02,EFG3,IT0005188120,CITI,BAML,738,101.2936,27/09/2016,567.24416,EUR,,,,,,70
trade_739,29/09/2016,10:45,ABC1,GB00B1VWPC84,DB,CS,739,101.1314,30/09/2016,535.99642,EUR,,,,,,70
trade_740,29/09/2016,11:03,ABC1,DE0001141745,DB,BAML,740,100.9692,30/09/2016,504.846,EUR,,,,,,70
trade_741,29/09/2016,10:45,ABC1,GB00B1VWPC84,DB,CS,741,107.04,03/10/2016,1070.4,GBP,,,,,,70
trade_742,29/09/2016,11:03,ABC1,DE0001141745,CITI,CS,742,102.5,03/10/2016,512.5,EUR,,,,,,70
trade_743,26/09/2016,15:02,ABC1,IT0005188120,DB,CITI,743,101.59,28/09/2016,1219.08,EUR,,,,,,70
trade_744,26/09/2016,10:45,ABC1,GB00B1VWPC84,CS,DB,744,107.24,28/09/2016,857.92,GBP,,,,,,70
trade_745,26/09/2016,11:03,ABC1,DE0001141745,CITI,CS,745,102.55,28/09/2016,205.1,EUR,,,,,,70
trade_746,26/09/2016,15:02,EFG3,IT0005188120,DB,CITI,746,101.69,28/09/2016,1525.35,EUR,,,,,,70
trade_747,29/09/2016,10:45,EFG3,GB00B1VWPC84,DB,CS,747,107.14,28/09/2016,964.26,GBP,,,,,,70
trade_748,29/09/2016,11:03,EFG3,DE0001141745,BAML,CITI,748,102.85,28/09/2016,308.55,EUR,,,,,,70
trade_749,26/09/2016,15:02,XYZ2,IT0005188120,CS,DB,749,101.159,28/09/2016,202.318,EUR,,,,,,70
trade_750,26/09/2016,10:45,HIJ4,IT0005188120,DB,DB,750,102.5912,27/09/2016,820.7296,GBP,,,,,,70
trade_751,29/09/2016,11:03,EFG3,GB00B1VWPC84,CITI,CS,751,102.429,30/09/2016,204.858,GBP,,,,,,70
trade_752,29/09/2016,15:02,ABC1,DE0001141745,DB,CITI,752,102.2668,30/09/2016,1534.002,EUR,,,,,,70
trade_753,26/09/2016,10:45,ABC1,IT0005188120,DB,DB,753,102.1046,27/09/2016,918.9414,EUR,,,,,,70
trade_754,26/09/2016,11:03,EFG3,IT0005188120,BAML,CS,754,101.9424,27/09/2016,305.8272,GBP,,,,,,70
trade_755,29/09/2016,15:02,ABC1,GB00B1VWPC84,BAML,CITI,755,101.7802,30/09/2016,661.5713,EUR,,,,,,70
trade_756,29/09/2016,10:45,EFG3,DE0001141745,DB,BAML,756,101.618,30/09/2016,630.0316,EUR,,,,,,70
trade_757,26/09/2016,11:03,ABC1,IT0005188120,CITI,DB,757,101.4558,27/09/2016,598.58922,EUR,,,,,,70
trade_758,26/09/2016,15:02,EFG3,IT0005188120,CITI,BAML,758,101.2936,27/09/2016,567.24416,EUR,,,,,,70
trade_759,29/09/2016,10:45,ABC1,GB00B1VWPC84,DB,CS,759,101.1314,30/09/2016,535.99642,EUR,,,,,,70
trade_760,29/09/2016,11:03,ABC1,DE0001141745,DB,BAML,760,100.9692,30/09/2016,504.846,EUR,,,,,,70
trade_761,29/09/2016,10:45,ABC1,GB00B1VWPC84,DB,CS,761,107.04,03/10/2016,1070.4,GBP,,,,,,70
trade_762,29/09/2016,11:03,ABC1,DE0001141745,CITI,CS,762,102.5,03/10/2016,512.5,EUR,,,,,,70
trade_763,26/09/2016,15:02,ABC1,IT0005188120,DB,CITI,763,101.59,28/09/2016,1219.08,EUR,,,,,,70
trade_764,26/09/2016,10:45,ABC1,GB00B1VWPC84,CS,DB,764,107.24,28/09/2016,857.92,GBP,,,,,,70
trade_765,26/09/2016,11:03,ABC1,DE0001141745,CITI,CS,765,102.55,28/09/2016,205.1,EUR,,,,,,70
trade_766,26/09/2016,15:02,EFG3,IT0005188120,DB,CITI,766,101.69,28/09/2016,1525.35,EUR,,,,,,70
trade_767,29/09/2016,10:45,EFG3,GB00B1VWPC84,DB,CS,767,107.14,28/09/2016,964.26,GBP,,,,,,70
trade_768,29/09/2016,11:03,EFG3,DE0001141745,BAML,CITI,768,102.85,28/09/2016,308.55,EUR,,,,,,70
trade_769,26/09/2016,15:02,XYZ2,IT0005188120,CS,DB,769,101.159,28/09/2016,202.318,EUR,,,,,,70
trade_770,26/09/2016,10:45,HIJ4,IT0005188120,DB,DB,770,102.5912,27/09/2016,820.7296,GBP,,,,,,70
trade_771,29/09/2016,11:03,EFG3,GB00B1VWPC84,CITI,CS,771,102.429,30/09/2016,204.858,GBP,,,,,,70
trade_772,29/09/2016,15:02,ABC1,DE0001141745,DB,CITI,772,102.2668,30/09/2016,1534.002,EUR,,,,,,70
trade_773,26/09/2016,10:45,ABC1,IT0005188120,DB,DB,773,102.1046,27/09/2016,918.9414,EUR,,,,,,70
trade_774,26/09/2016,11:03,EFG3,IT0005188120,BAML,CS,774,101.9424,27/09/2016,305.8272,GBP,,,,,,70
trade_775,29/09/2016,15:02,ABC1,GB00B1VWPC84,BAML,CITI,775,101.7802,30/09/2016,661.5713,EUR,,,,,,70
trade_776,29/09/2016,10:45,EFG3,DE0001141745,DB,BAML,776,101.618,30/09/2016,630.0316,EUR,,,,,,70
trade_777,26/09/2016,11:03,ABC1,IT0005188120,CITI,DB,777,101.4558,27/09/2016,598.58922,EUR,,,,,,70
trade_778,26/09/2016,15:02,EFG3,IT0005188120,CITI,BAML,778,101.2936,27/09/2016,567.24416,EUR,,,,,,70
trade_779,29/09/2016,10:45,ABC1,GB00B1VWPC84,DB,CS,779,101.1314,30/09/2016,535.99642,EUR,,,,,,70
trade_780,29/09/2016,11:03,ABC1,DE0001141745,DB,BAML,780,100.9692,30/09/2016,504.846,EUR,,,,,,70
trade_781,29/09/2016,10:45,ABC1,GB00B1VWPC84,DB,CS,781,107.04,03/10/2016,1070.4,GBP,,,,,,70
trade_782,29/09/2016,11:03,ABC1,DE0001141745,CITI,CS,782,102.5,03/10/2016,512.5,EUR,,,,,,70
trade_783,26/09/2016,15:02,ABC1,IT0005188120,DB,CITI,783,101.59,28/09/2016,1219.08,EUR,,,,,,70
trade_784,26/09/2016,10:45,ABC1,GB00B1VWPC84,CS,DB,784,107.24,28/09/2016,857.92,GBP,,,,,,70
trade_785,26/09/2016,11:03,ABC1,DE0001141745,CITI,CS,785,102.55,28/09/2016,205.1,EUR,,,,,,70
trade_786,26/09/2016,15:02,EFG3,IT0005188120,DB,CITI,786,101.69,28/09/2016,1525.35,EUR,,,,,,70
trade_787,29/09/2016,10:45,EFG3,GB00B1VWPC84,DB,CS,787,107.14,28/09/2016,964.26,GBP,,,,,,70
trade_788,29/09/2016,11:03,EFG3,DE0001141745,BAML,CITI,788,102.85,28/09/2016,308.55,EUR,,,,,,70
trade_789,26/09/2016,15:02,XYZ2,IT0005188120,CS,DB,789,101.159,28/09/2016,202.318,EUR,,,,,,70
trade_790,26/09/2016,10:45,HIJ4,IT0005188120,DB,CS,790,102.5912,27/09/2016,820.7296,GBP,,,,,,70
trade_791,29/09/2016,11:03,EFG3,GB00B1VWPC84,CITI,CS,791,102.429,30/09/2016,204.858,GBP,,,,,,70
trade_792,29/09/2016,15:02,ABC1,DE0001141745,DB,CITI,792,102.2668,30/09/2016,1534.002,EUR,,,,,,70
trade_793,26/09/2016,10:45,ABC1,IT0005188120,DB,CS,793,102.1046,27/09/2016,918.9414,EUR,,,,,,70
trade_794,26/09/2016,11:03,EFG3,IT0005188120,BAML,CS,794,101.9424,27/09/2016,305.8272,GBP,,,,,,70
trade_795,29/09/2016,15:02,ABC1,GB00B1VWPC84,BAML,CITI,795,101.7802,30/09/2016,661.5713,EUR,,,,,,70
trade_796,29/09/2016,10:45,EFG3,DE0001141745,DB,BAML,796,101.618,30/09/2016,630.0316,EUR,,,,,,70
trade_797,26/09/2016,11:03,ABC1,IT0005188120,CITI,DB,797,101.4558,27/09/2016,598.58922,EUR,,,,,,70
trade_798,26/09/2016,15:02,EFG3,IT0005188120,CITI,BAML,798,101.2936,27/09/2016,567.24416,EUR,,,,,,70
trade_799,29/09/2016,10:45,ABC1,GB00B1VWPC84,DB,CS,799,101.1314,30/09/2016,535.99642,EUR,,,,,,70
trade_800,29/09/2016,11:03,ABC1,DE0001141745,DB,BAML,800,100.9692,30/09/2016,504.846,EUR,,,,,,80
trade_801,29/09/2016,10:45,ABC1,GB00B1VWPC84,DB,CS,801,107.04,03/10/2016,1070.4,GBP,,,,,,80
trade_802,29/09/2016,11:03,ABC1,DE0001141745,CITI,CS,802,102.5,03/10/2016,512.5,EUR,,,,,,80
trade_803,26/09/2016,15:02,ABC1,IT0005188120,DB,CITI,803,101.59,28/09/2016,1219.08,EUR,,,,,,80
trade_804,26/09/2016,10:45,ABC1,GB00B1VWPC84,CS,DB,804,107.24,28/09/2016,857.92,GBP,,,,,,80
trade_805,26/09/2016,11:03,ABC1,DE0001141745,CITI,CS,805,102.55,28/09/2016,205.1,EUR,,,,,,80
trade_806,26/09/2016,15:02,EFG3,IT0005188120,DB,CITI,806,101.69,28/09/2016,1525.35,EUR,,,,,,80
trade_807,29/09/2016,10:45,EFG3,GB00B1VWPC84,DB,CS,807,107.14,28/09/2016,964.26,GBP,,,,,,80
trade_808,29/09/2016,11:03,EFG3,DE0001141745,BAML,CITI,808,102.85,28/09/2016,308.55,EUR,,,,,,80
trade_809,26/09/2016,15:02,XYZ2,IT0005188120,CS,DB,809,101.159,28/09/2016,202.318,EUR,,,,,,80
trade_810,26/09/2016,10:45,HIJ4,IT0005188120,DB,DB,810,102.5912,27/09/2016,820.7296,GBP,,,,,,80
trade_811,29/09/2016,11:03,EFG3,GB00B1VWPC84,CITI,CS,811,102.429,30/09/2016,204.858,GBP,,,,,,80
trade_812,29/09/2016,15:02,ABC1,DE0001141745,DB,CITI,812,102.2668,30/09/2016,1534.002,EUR,,,,,,80
trade_813,26/09/2016,10:45,ABC1,IT0005188120,DB,DB,813,102.1046,27/09/2016,918.9414,EUR,,,,,,80
trade_814,26/09/2016,11:03,EFG3,IT0005188120,BAML,CS,814,101.9424,27/09/2016,305.8272,GBP,,,,,,80
trade_815,29/09/2016,15:02,ABC1,GB00B1VWPC84,BAML,CITI,815,101.7802,30/09/2016,661.5713,EUR,,,,,,80
trade_816,29/09/2016,10:45,EFG3,DE0001141745,DB,BAML,816,101.618,30/09/2016,630.0316,EUR,,,,,,80
trade_817,26/09/2016,11:03,ABC1,IT0005188120,CITI,DB,817,101.4558,27/09/2016,598.58922,EUR,,,,,,80
trade_818,26/09/2016,15:02,EFG3,IT0005188120,CITI,BAML,818,101.2936,27/09/2016,567.24416,EUR,,,,,,80
trade_819,29/09/2016,10:45,ABC1,GB00B1VWPC84,DB,CS,819,101.1314,30/09/2016,535.99642,EUR,,,,,,80
trade_820,29/09/2016,11:03,ABC1,DE0001141745,DB,BAML,820,100.9692,30/09/2016,504.846,EUR,,,,,,80
trade_821,29/09/2016,10:45,ABC1,GB00B1VWPC84,DB,CS,821,107.04,03/10/2016,1070.4,GBP,,,,,,80
trade_822,29/09/2016,11:03,ABC1,DE0001141745,CITI,CS,822,102.5,03/10/2016,512.5,EUR,,,,,,80
trade_823,26/09/2016,15:02,ABC1,IT0005188120,DB,CITI,823,101.59,28/09/2016,1219.08,EUR,,,,,,80
trade_824,26/09/2016,10:45,ABC1,GB00B1VWPC84,CS,DB,824,107.24,28/09/2016,857.92,GBP,,,,,,80
trade_825,26/09/2016,11:03,ABC1,DE0001141745,CITI,CS,825,102.55,28/09/2016,205.1,EUR,,,,,,80
trade_826,26/09/2016,15:02,EFG3,IT0005188120,DB,CITI,826,101.69,28/09/2016,1525.35,EUR,,,,,,80
trade_827,29/09/2016,10:45,EFG3,GB00B1VWPC84,DB,CS,827,107.14,28/09/2016,964.26,GBP,,,,,,80
trade_828,29/09/2016,11:03,EFG3,DE0001141745,BAML,CITI,828,102.85,28/09/2016,308.55,EUR,,,,,,80
trade_829,26/09/2016,15:02,XYZ2,IT0005188120,CS,DB,829,101.159,28/09/2016,202.318,EUR,,,,,,80
trade_830,26/09/2016,10:45,HIJ4,IT0005188120,DB,DB,830,102.5912,27/09/2016,820.7296,GBP,,,,,,80
trade_831,29/09/2016,11:03,EFG3,GB00B1VWPC84,CITI,CS,831,102.429,30/09/2016,204.858,GBP,,,,,,80
trade_832,29/09/2016,15:02,ABC1,DE0001141745,DB,CITI,832,102.2668,30/09/2016,1534.002,EUR,,,,,,80
trade_833,26/09/2016,10:45,ABC1,IT0005188120,DB,DB,833,102.1046,27/09/2016,918.9414,EUR,,,,,,80
trade_834,26/09/2016,11:03,EFG3,IT0005188120,BAML,CS,834,101.9424,27/09/2016,305.8272,GBP,,,,,,80
trade_835,29/09/2016,15:02,ABC1,GB00B1VWPC84,BAML,CITI,835,101.7802,30/09/2016,661.5713,EUR,,,,,,80
trade_836,29/09/2016,10:45,EFG3,DE0001141745,DB,BAML,836,101.618,30/09/2016,630.0316,EUR,,,,,,80
trade_837,26/09/2016,11:03,ABC1,IT0005188120,CITI,DB,837,101.4558,27/09/2016,598.58922,EUR,,,,,,80
trade_838,26/09/2016,15:02,EFG3,IT0005188120,CITI,BAML,838,101.2936,27/09/2016,567.24416,EUR,,,,,,80
trade_839,29/09/2016,10:45,ABC1,GB00B1VWPC84,DB,CS,839,101.1314,30/09/2016,535.99642,EUR,,,,,,80
trade_840,29/09/2016,11:03,ABC1,DE0001141745,DB,BAML,840,100.9692,30/09/2016,504.846,EUR,,,,,,80
trade_841,29/09/2016,10:45,ABC1,GB00B1VWPC84,DB,CS,841,107.04,03/10/2016,1070.4,GBP,,,,,,80
trade_842,29/09/2016,11:03,ABC1,DE0001141745,CITI,CS,842,102.5,03/10/2016,512.5,EUR,,,,,,80
trade_843,26/09/2016,15:02,ABC1,IT0005188120,DB,CITI,843,101.59,28/09/2016,1219.08,EUR,,,,,,80
trade_844,26/09/2016,10:45,ABC1,GB00B1VWPC84,CS,DB,844,107.24,28/09/2016,857.92,GBP,,,,,,80
trade_845,26/09/2016,11:03,ABC1,DE0001141745,CITI,CS,845,102.55,28/09/2016,205.1,EUR,,,,,,80
trade_846,26/09/2016,15:02,EFG3,IT0005188120,DB,CITI,846,101.69,28/09/2016,1525.35,EUR,,,,,,80
trade_847,29/09/2016,10:45,EFG3,GB00B1VWPC84,DB,CS,847,107.14,28/09/2016,964.26,GBP,,,,,,80
trade_848,29/09/2016,11:03,EFG3,DE0001141745,BAML,CITI,848,102.85,28/09/2016,308.55,EUR,,,,,,80
trade_849,26/09/2016,15:02,XYZ2,IT0005188120,CS,DB,849,101.159,28/09/2016,202.318,EUR,,,,,,80
trade_850,26/09/2016,10:45,HIJ4,IT0005188120,DB,DB,850,102.5912,27/09/2016,820.7296,GBP,,,,,,80
trade_851,29/09/2016,11:03,EFG3,GB00B1VWPC84,CITI,CS,851,102.429,30/09/2016,204.858,GBP,,,,,,80
trade_852,29/09/2016,15:02,ABC1,DE0001141745,DB,CITI,852,102.2668,30/09/2016,1534.002,EUR,,,,,,80
trade_853,26/09/2016,10:45,ABC1,IT0005188120,DB,DB,853,102.1046,27/09/2016,918.9414,EUR,,,,,,80
trade_854,26/09/2016,11:03,EFG3,IT0005188120,BAML,CS,854,101.9424,27/09/2016,305.8272,GBP,,,,,,80
trade_855,29/09/2016,15:02,ABC1,GB00B1VWPC84,BAML,CITI,855,101.7802,30/09/2016,661.5713,EUR,,,,,,80
trade_856,29/09/2016,10:45,EFG3,DE0001141745,DB,BAML,856,101.618,30/09/2016,630.0316,EUR,,,,,,80
trade_857,26/09/2016,11:03,ABC1,IT0005188120,CITI,DB,857,101.4558,27/09/2016,598.58922,EUR,,,,,,80
trade_858,26/09/2016,15:02,EFG3,IT0005188120,CITI,BAML,858,101.2936,27/09/2016,567.24416,EUR,,,,,,80
trade_859,29/09/2016,10:45,ABC1,GB00B1VWPC84,DB,CS,859,101.1314,30/09/2016,535.99642,EUR,,,,,,80
trade_860,29/09/2016,11:03,ABC1,DE0001141745,DB,BAML,860,100.9692,30/09/2016,504.846,EUR,,,,,,80
trade_861,29/09/2016,10:45,ABC1,GB00B1VWPC84,DB,CS,861,107.04,03/10/2016,1070.4,GBP,,,,,,80
trade_862,29/09/2016,11:03,ABC1,DE0001141745,CITI,CS,862,102.5,03/10/2016,512.5,EUR,,,,,,80
trade_863,26/09/2016,15:02,ABC1,IT0005188120,DB,CITI,863,101.59,28/09/2016,1219.08,EUR,,,,,,80
trade_864,26/09/2016,10:45,ABC1,GB00B1VWPC84,CS,DB,864,107.24,28/09/2016,857.92,GBP,,,,,,80
trade_865,26/09/2016,11:03,ABC1,DE0001141745,CITI,CS,865,102.55,28/09/2016,205.1,EUR,,,,,,80
trade_866,26/09/2016,15:02,EFG3,IT0005188120,DB,CITI,866,101.69,28/09/2016,1525.35,EUR,,,,,,80
trade_867,29/09/2016,10:45,EFG3,GB00B1VWPC84,DB,CS,867,107.14,28/09/2016,964.26,GBP,,,,,,80
trade_868,29/09/2016,11:03,EFG3,DE0001141745,BAML,CITI,868,102.85,28/09/2016,308.55,EUR,,,,,,80
trade_869,26/09/2016,15:02,XYZ2,IT0005188120,CS,DB,869,101.159,28/09/2016,202.318,EUR,,,,,,80
trade_870,26/09/2016,10:45,HIJ4,IT0005188120,DB,DB,870,102.5912,27/09/2016,820.7296,GBP,,,,,,80
trade_871,29/09/2016,11:03,EFG3,GB00B1VWPC84,CITI,CS,871,102.429,30/09/2016,204.858,GBP,,,,,,80
trade_872,29/09/2016,15:02,ABC1,DE0001141745,DB,CITI,872,102.2668,30/09/2016,1534.002,EUR,,,,,,80
trade_873,26/09/2016,10:45,ABC1,IT0005188120,DB,DB,873,102.1046,27/09/2016,918.9414,EUR,,,,,,80
trade_874,26/09/2016,11:03,EFG3,IT0005188120,BAML,CS,874,101.9424,27/09/2016,305.8272,GBP,,,,,,80
trade_875,29/09/2016,15:02,ABC1,GB00B1VWPC84,BAML,CITI,875,101.7802,30/09/2016,661.5713,EUR,,,,,,80
trade_876,29/09/2016,10:45,EFG3,DE0001141745,DB,BAML,876,101.618,30/09/2016,630.0316,EUR,,,,,,80
trade_877,26/09/2016,11:03,ABC1,IT0005188120,CITI,DB,877,101.4558,27/09/2016,598.58922,EUR,,,,,,80
trade_878,26/09/2016,15:02,EFG3,IT0005188120,CITI,BAML,878,101.2936,27/09/2016,567.24416,EUR,,,,,,80
trade_879,29/09/2016,10:45,ABC1,GB00B1VWPC84,DB,CS,879,101.1314,30/09/2016,535.99642,EUR,,,,,,80
trade_880,29/09/2016,11:03,ABC1,DE0001141745,DB,BAML,880,100.9692,30/09/2016,504.846,EUR,,,,,,80
trade_881,29/09/2016,10:45,ABC1,GB00B1VWPC84,DB,CS,881,107.04,03/10/2016,1070.4,GBP,,,,,,80
trade_882,29/09/2016,11:03,ABC1,DE0001141745,CITI,CS,882,102.5,03/10/2016,512.5,EUR,,,,,,80
trade_883,26/09/2016,15:02,ABC1,IT0005188120,DB,CITI,883,101.59,28/09/2016,1219.08,EUR,,,,,,80
trade_884,26/09/2016,10:45,ABC1,GB00B1VWPC84,CS,DB,884,107.24,28/09/2016,857.92,GBP,,,,,,80
trade_885,26/09/2016,11:03,ABC1,DE0001141745,CITI,CS,885,102.55,28/09/2016,205.1,EUR,,,,,,80
trade_886,26/09/2016,15:02,EFG3,IT0005188120,DB,CITI,886,101.69,28/09/2016,1525.35,EUR,,,,,,80
trade_887,29/09/2016,10:45,EFG3,GB00B1VWPC84,DB,CS,887,107.14,28/09/2016,964.26,GBP,,,,,,80
trade_888,29/09/2016,11:03,EFG3,DE0001141745,BAML,CITI,888,102.85,28/09/2016,308.55,EUR,,,,,,80
trade_889,26/09/2016,15:02,XYZ2,IT0005188120,CS,DB,889,101.159,28/09/2016,202.318,EUR,,,,,,80
trade_890,26/09/2016,10:45,HIJ4,IT0005188120,DB,CS,890,102.5912,27/09/2016,820.7296,GBP,,,,,,80
trade_891,29/09/2016,11:03,EFG3,GB00B1VWPC84,CITI,CS,891,102.429,30/09/2016,204.858,GBP,,,,,,80
trade_892,29/09/2016,15:02,ABC1,DE0001141745,DB,CITI,892,102.2668,30/09/2016,1534.002,EUR,,,,,,80
trade_893,26/09/2016,10:45,ABC1,IT0005188120,DB,CS,893,102.1046,27/09/2016,918.9414,EUR,,,,,,80
trade_894,26/09/2016,11:03,EFG3,IT0005188120,BAML,CS,894,101.9424,27/09/2016,305.8272,GBP,,,,,,80
trade_895,29/09/2016,15:02,ABC1,GB00B1VWPC84,BAML,CITI,895,101.7802,30/09/2016,661.5713,EUR,,,,,,80
trade_896,29/09/2016,10:45,EFG3,DE0001141745,DB,BAML,896,101.618,30/09/2016,630.0316,EUR,,,,,,80
trade_897,26/09/2016,11:03,ABC1,IT0005188120,CITI,DB,897,101.4558,27/09/2016,598.58922,EUR,,,,,,80
trade_898,26/09/2016,15:02,EFG3,IT0005188120,CITI,BAML,898,101.2936,27/09/2016,567.24416,EUR,,,,,,80
trade_899,29/09/2016,10:45,ABC1,GB00B1VWPC84,DB,CS,899,101.1314,30/09/2016,535.99642,EUR,,,,,,80
trade_900,29/09/2016,11:03,ABC1,DE0001141745,DB,BAML,900,100.9692,30/09/2016,504.846,EUR,,,,,,90
trade_901,29/09/2016,10:45,ABC1,GB00B1VWPC84,DB,CS,901,107.04,03/10/2016,1070.4,GBP,,,,,,90
trade_902,29/09/2016,11:03,ABC1,DE0001141745,CITI,CS,902,102.5,03/10/2016,512.5,EUR,,,,,,90
trade_903,26/09/2016,15:02,ABC1,IT0005188120,DB,CITI,903,101.59,28/09/2016,1219.08,EUR,,,,,,90
trade_904,26/09/2016,10:45,ABC1,GB00B1VWPC84,CS,DB,904,107.24,28/09/2016,857.92,GBP,,,,,,90
trade_905,26/09/2016,11:03,ABC1,DE0001141745,CITI,CS,905,102.55,28/09/2016,205.1,EUR,,,,,,90
trade_906,26/09/2016,15:02,EFG3,IT0005188120,DB,CITI,906,101.69,28/09/2016,1525.35,EUR,,,,,,90
trade_907,29/09/2016,10:45,EFG3,GB00B1VWPC84,DB,CS,907,107.14,28/09/2016,964.26,GBP,,,,,,90
trade_908,29/09/2016,11:03,EFG3,DE0001141745,BAML,CITI,908,102.85,28/09/2016,308.55,EUR,,,,,,90
trade_909,26/09/2016,15:02,XYZ2,IT0005188120,CS,DB,909,101.159,28/09/2016,202.318,EUR,,,,,,90
trade_910,26/09/2016,10:45,HIJ4,IT0005188120,DB,DB,910,102.5912,27/09/2016,820.7296,GBP,,,,,,90
trade_911,29/09/2016,11:03,EFG3,GB00B1VWPC84,CITI,CS,911,102.429,30/09/2016,204.858,GBP,,,,,,90
trade_912,29/09/2016,15:02,ABC1,DE0001141745,DB,CITI,912,102.2668,30/09/2016,1534.002,EUR,,,,,,90
trade_913,26/09/2016,10:45,ABC1,IT0005188120,DB,DB,913,102.1046,27/09/2016,918.9414,EUR,,,,,,90
trade_914,26/09/2016,11:03,EFG3,IT0005188120,BAML,CS,914,101.9424,27/09/2016,305.8272,GBP,,,,,,90
trade_915,29/09/2016,15:02,ABC1,GB00B1VWPC84,BAML,CITI,915,101.7802,30/09/2016,661.5713,EUR,,,,,,90
trade_916,29/09/2016,10:45,EFG3,DE0001141745,DB,BAML,916,101.618,30/09/2016,630.0316,EUR,,,,,,90
trade_917,26/09/2016,11:03,ABC1,IT0005188120,CITI,DB,917,101.4558,27/09/2016,598.58922,EUR,,,,,,90
trade_918,26/09/2016,15:02,EFG3,IT0005188120,CITI,BAML,918,101.2936,27/09/2016,567.24416,EUR,,,,,,90
trade_919,29/09/2016,10:45,ABC1,GB00B1VWPC84,DB,CS,919,101.1314,30/09/2016,535.99642,EUR,,,,,,90
trade_920,29/09/2016,11:03,ABC1,DE0001141745,DB,BAML,920,100.9692,30/09/2016,504.846,EUR,,,,,,90
trade_921,29/09/2016,10:45,ABC1,GB00B1VWPC84,DB,CS,921,107.04,03/10/2016,1070.4,GBP,,,,,,90
trade_922,29/09/2016,11:03,ABC1,DE0001141745,CITI,CS,922,102.5,03/10/2016,512.5,EUR,,,,,,90
trade_923,26/09/2016,15:02,ABC1,IT0005188120,DB,CITI,923,101.59,28/09/2016,1219.08,EUR,,,,,,90
trade_924,26/09/2016,10:45,ABC1,GB00B1VWPC84,CS,DB,924,107.24,28/09/2016,857.92,GBP,,,,,,90
trade_925,26/09/2016,11:03,ABC1,DE0001141745,CITI,CS,925,102.55,28/09/2016,205.1,EUR,,,,,,90
trade_926,26/09/2016,15:02,EFG3,IT0005188120,DB,CITI,926,101.69,28/09/2016,1525.35,EUR,,,,,,90
trade_927,29/09/2016,10:45,EFG3,GB00B1VWPC84,DB,CS,927,107.14,28/09/2016,964.26,GBP,,,,,,90
trade_928,29/09/2016,11:03,EFG3,DE0001141745,BAML,CITI,928,102.85,28/09/2016,308.55,EUR,,,,,,90
trade_929,26/09/2016,15:02,XYZ2,IT0005188120,CS,DB,929,101.159,28/09/2016,202.318,EUR,,,,,,90
trade_930,26/09/2016,10:45,HIJ4,IT0005188120,DB,DB,930,102.5912,27/09/2016,820.7296,GBP,,,,,,90
trade_931,29/09/2016,11:03,EFG3,GB00B1VWPC84,CITI,CS,931,102.429,30/09/2016,204.858,GBP,,,,,,90
trade_932,29/09/2016,15:02,ABC1,DE0001141745,DB,CITI,932,102.2668,30/09/2016,1534.002,EUR,,,,,,90
trade_933,26/09/2016,10:45,ABC1,IT0005188120,DB,DB,933,102.1046,27/09/2016,918.9414,EUR,,,,,,90
trade_934,26/09/2016,11:03,EFG3,IT0005188120,BAML,CS,934,101.9424,27/09/2016,305.8272,GBP,,,,,,90
trade_935,29/09/2016,15:02,ABC1,GB00B1VWPC84,BAML,CITI,935,101.7802,30/09/2016,661.5713,EUR,,,,,,90
trade_936,29/09/2016,10:45,EFG3,DE0001141745,DB,BAML,936,101.618,30/09/2016,630.0316,EUR,,,,,,90
trade_937,26/09/2016,11:03,ABC1,IT0005188120,CITI,DB,937,101.4558,27/09/2016,598.58922,EUR,,,,,,90
trade_938,26/09/2016,15:02,EFG3,IT0005188120,CITI,BAML,938,101.2936,27/09/2016,567.24416,EUR,,,,,,90
trade_939,29/09/2016,10:45,ABC1,GB00B1VWPC84,DB,CS,939,101.1314,30/09/2016,535.99642,EUR,,,,,,90
trade_940,29/09/2016,11:03,ABC1,DE0001141745,DB,BAML,940,100.9692,30/09/2016,504.846,EUR,,,,,,90
trade_941,29/09/2016,10:45,ABC1,GB00B1VWPC84,DB,CS,941,107.04,03/10/2016,1070.4,GBP,,,,,,90
trade_942,29/09/2016,11:03,ABC1,DE0001141745,CITI,CS,942,102.5,03/10/2016,512.5,EUR,,,,,,90
trade_943,26/09/2016,15:02,ABC1,IT0005188120,DB,CITI,943,101.59,28/09/2016,1219.08,EUR,,,,,,90
trade_944,26/09/2016,10:45,ABC1,GB00B1VWPC84,CS,DB,944,107.24,28/09/2016,857.92,GBP,,,,,,90
trade_945,26/09/2016,11:03,ABC1,DE0001141745,CITI,CS,945,102.55,28/09/2016,205.1,EUR,,,,,,90
trade_946,26/09/2016,15:02,EFG3,IT0005188120,DB,CITI,946,101.69,28/09/2016,1525.35,EUR,,,,,,90
trade_947,29/09/2016,10:45,EFG3,GB00B1VWPC84,DB,CS,947,107.14,28/09/2016,964.26,GBP,,,,,,90
trade_948,29/09/2016,11:03,EFG3,DE0001141745,BAML,CITI,948,102.85,28/09/2016,308.55,EUR,,,,,,90
trade_949,26/09/2016,15:02,XYZ2,IT0005188120,CS,DB,949,101.159,28/09/2016,202.318,EUR,,,,,,90
trade_950,26/09/2016,10:45,HIJ4,IT0005188120,DB,DB,950,102.5912,27/09/2016,820.7296,GBP,,,,,,90
trade_951,29/09/2016,11:03,EFG3,GB00B1VWPC84,CITI,CS,951,102.429,30/09/2016,204.858,GBP,,,,,,90
trade_952,29/09/2016,15:02,ABC1,DE0001141745,DB,CITI,952,102.2668,30/09/2016,1534.002,EUR,,,,,,90
trade_953,26/09/2016,10:45,ABC1,IT0005188120,DB,DB,953,102.1046,27/09/2016,918.9414,EUR,,,,,,90
trade_954,26/09/2016,11:03,EFG3,IT0005188120,BAML,CS,954,101.9424,27/09/2016,305.8272,GBP,,,,,,90
trade_955,29/09/2016,15:02,ABC1,GB00B1VWPC84,BAML,CITI,955,101.7802,30/09/2016,661.5713,EUR,,,,,,90
trade_956,29/09/2016,10:45,EFG3,DE0001141745,DB,BAML,956,101.618,30/09/2016,630.0316,EUR,,,,,,90
trade_957,26/09/2016,11:03,ABC1,IT0005188120,CITI,DB,957,101.4558,27/09/2016,598.58922,EUR,,,,,,90
trade_958,26/09/2016,15:02,EFG3,IT0005188120,CITI,BAML,958,101.2936,27/09/2016,567.24416,EUR,,,,,,90
trade_959,29/09/2016,10:45,ABC1,GB00B1VWPC84,DB,CS,959,101.1314,30/09/2016,535.99642,EUR,,,,,,90
trade_960,29/09/2016,11:03,ABC1,DE0001141745,DB,BAML,960,100.9692,30/09/2016,504.846,EUR,,,,,,90
trade_961,29/09/2016,10:45,ABC1,GB00B1VWPC84,DB,CS,961,107.04,03/10/2016,1070.4,GBP,,,,,,90
trade_962,29/09/2016,11:03,ABC1,DE0001141745,CITI,CS,962,102.5,03/10/2016,512.5,EUR,,,,,,90
trade_963,26/09/2016,15:02,ABC1,IT0005188120,DB,CITI,963,101.59,28/09/2016,1219.08,EUR,,,,,,90
trade_964,26/09/2016,10:45,ABC1,GB00B1VWPC84,CS,DB,964,107.24,28/09/2016,857.92,GBP,,,,,,90
trade_965,26/09/2016,11:03,ABC1,DE0001141745,CITI,CS,965,102.55,28/09/2016,205.1,EUR,,,,,,90
trade_966,26/09/2016,15:02,EFG3,IT0005188120,DB,CITI,966,101.69,28/09/2016,1525.35,EUR,,,,,,90
trade_967,29/09/2016,10:45,EFG3,GB00B1VWPC84,DB,CS,967,107.14,28/09/2016,964.26,GBP,,,,,,90
trade_968,29/09/2016,11:03,EFG3,DE0001141745,BAML,CITI,968,102.85,28/09/2016,308.55,EUR,,,,,,90
trade_969,26/09/2016,15:02,XYZ2,IT0005188120,CS,DB,969,101.159,28/09/2016,202.318,EUR,,,,,,90
trade_970,26/09/2016,10:45,HIJ4,IT0005188120,DB,DB,970,102.5912,27/09/2016,820.7296,GBP,,,,,,90
trade_971,29/09/2016,11:03,EFG3,GB00B1VWPC84,CITI,CS,971,102.429,30/09/2016,204.858,GBP,,,,,,90
trade_972,29/09/2016,15:02,ABC1,DE0001141745,DB,CITI,972,102.2668,30/09/2016,1534.002,EUR,,,,,,90
trade_973,26/09/2016,10:45,ABC1,IT0005188120,DB,DB,973,102.1046,27/09/2016,918.9414,EUR,,,,,,90
trade_974,26/09/2016,11:03,EFG3,IT0005188120,BAML,CS,974,101.9424,27/09/2016,305.8272,GBP,,,,,,90
trade_975,29/09/2016,15:02,ABC1,GB00B1VWPC84,BAML,CITI,975,101.7802,30/09/2016,661.5713,EUR,,,,,,90
trade_976,29/09/2016,10:45,EFG3,DE0001141745,DB,BAML,976,101.618,30/09/2016,630.0316,EUR,,,,,,90
trade_977,26/09/2016,11:03,ABC1,IT0005188120,CITI,DB,977,101.4558,27/09/2016,598.58922,EUR,,,,,,90
trade_978,26/09/2016,15:02,EFG3,IT0005188120,CITI,BAML,978,101.2936,27/09/2016,567.24416,EUR,,,,,,90
trade_979,29/09/2016,10:45,ABC1,GB00B1VWPC84,DB,CS,979,101.1314,30/09/2016,535.99642,EUR,,,,,,90
trade_980,29/09/2016,11:03,ABC1,DE0001141745,DB,BAML,980,100.9692,30/09/2016,504.846,EUR,,,,,,90
trade_981,29/09/2016,10:45,ABC1,GB00B1VWPC84,DB,CS,981,107.04,03/10/2016,1070.4,GBP,,,,,,90
trade_982,29/09/2016,11:03,ABC1,DE0001141745,CITI,CS,982,102.5,03/10/2016,512.5,EUR,,,,,,90
trade_983,26/09/2016,15:02,ABC1,IT0005188120,DB,CITI,983,101.59,28/09/2016,1219.08,EUR,,,,,,90
trade_984,26/09/2016,10:45,ABC1,GB00B1VWPC84,CS,DB,984,107.24,28/09/2016,857.92,GBP,,,,,,90
trade_985,26/09/2016,11:03,ABC1,DE0001141745,CITI,CS,985,102.55,28/09/2016,205.1,EUR,,,,,,90
trade_986,26/09/2016,15:02,EFG3,IT0005188120,DB,CITI,986,101.69,28/09/2016,1525.35,EUR,,,,,,90
trade_987,29/09/2016,10:45,EFG3,GB00B1VWPC84,DB,CS,987,107.14,28/09/2016,964.26,GBP,,,,,,90
trade_988,29/09/2016,11:03,EFG3,DE0001141745,BAML,CITI,988,102.85,28/09/2016,308.55,EUR,,,,,,90
trade_989,26/09/2016,15:02,XYZ2,IT0005188120,CS,DB,989,101.159,28/09/2016,202.318,EUR,,,,,,90
trade_990,26/09/2016,10:45,HIJ4,IT0005188120,DB,CS,990,102.5912,27/09/2016,820.7296,GBP,,,,,,90
trade_991,29/09/2016,11:03,EFG3,GB00B1VWPC84,CITI,CS,991,102.429,30/09/2016,204.858,GBP,,,,,,90
trade_992,29/09/2016,15:02,ABC1,DE0001141745,DB,CITI,992,102.2668,30/09/2016,1534.002,EUR,,,,,,90
trade_993,26/09/2016,10:45,ABC1,IT0005188120,DB,CS,993,102.1046,27/09/2016,918.9414,EUR,,,,,,90
trade_994,26/09/2016,11:03,EFG3,IT0005188120,BAML,CS,994,101.9424,27/09/2016,305.8272,GBP,,,,,,90
trade_995,29/09/2016,15:02,ABC1,GB00B1VWPC84,BAML,CITI,995,101.7802,30/09/2016,661.5713,EUR,,,,,,90
trade_996,29/09/2016,10:45,EFG3,DE0001141745,DB,BAML,996,101.618,30/09/2016,630.0316,EUR,,,,,,90
trade_997,26/09/2016,11:03,ABC1,IT0005188120,CITI,DB,997,101.4558,27/09/2016,598.58922,EUR,,,,,,90
trade_998,26/09/2016,15:02,EFG3,IT0005188120,CITI,BAML,998,101.2936,27/09/2016,567.24416,EUR,,,,,,90
trade_999,29/09/2016,10:45,ABC1,GB00B1VWPC84,DB,CS,999,101.1314,30/09/2016,535.99642,EUR,,,,,,90
trade_1000,29/09/2016,11:03,ABC1,DE0001141745,DB,BAML,1000,100.9692,30/09/2016,504.846,EUR,,,,,,100